"","1","2","3","4","5"
"1",-1.14712140746543,0.886907784225928,-0.333679457195768,-0.429847516579853,-4.02497462479435
"2",0.824120323661727,2.7171368676758,0.426748940749959,4.27149180567335,0.293057616209524
"3",0.835688278268774,0.842860887448863,-1.8854144338785,-1.27009212274947,-0.52026457962726
"4",-0.17238852195503,0.313483607711745,-0.198471976485378,-0.0638224386316484,0.823087737815343
"5",0.59657973583676,1.81421710331499,1.19982780755255,2.15007652856384,1.8457300557025
"6",1.5418134726019,1.55757863319252,1.08115040839724,2.44608026283651,3.79678077216586
"7",-0.723613706613017,1.81451777379373,0.00979469046929306,1.95175125290294,2.42843991969744
"8",1.41137739314871,1.53242225350596,0.528403728273041,2.98360995038332,-0.181942553845603
"9",-0.966168512579143,-0.0534077333023865,-1.16096251097815,-1.46120104774594,-1.87929378340047
"10",-0.234103892369252,0.143254581653428,0.230463173224763,-0.797756010059177,-2.19806242778148
"11",1.32370232297536,1.14817306156264,0.292960595616959,0.00146340410283274,2.30955953130731
"12",-0.157463758516453,-0.331782586744862,-1.41735018325378,-1.11694539120772,0.0982490755088673
"13",-0.112190259736528,0.422824690624598,-0.0327852632954703,-0.236660618661902,0.732517427262488
"14",0.0488829460135563,-0.289040387347633,1.36653148409857,-0.148092237513983,-0.160981258840462
"15",0.390211685760658,-0.403003913591856,0.59521724085533,1.75445111119585,1.77230384684667
"16",2.59799221155389,0.678682409847946,0.0373516817865482,-1.4380593280497,1.56677809118145
"17",-1.11370050826091,0.565506416069639,-0.0765037404682709,1.5312941715988,0.376853235460686
"18",-1.08406271021773,-0.520627997284184,0.261359264088145,1.8533841142681,-1.13129098327442
"19",-0.286144005011374,-0.610594596543227,-0.548700795131557,-0.923245740570011,-0.77705530050153
"20",-0.280958369663548,0.0519929702478639,-0.775113906219679,0.943204251048978,-0.767054991154742
"21",-0.3493608808989,0.759971179384911,-0.611545386505577,-0.393472731200587,-0.0458292586546937
"22",-1.1622006680248,-0.224601251245252,1.54080574089618,1.77806782302386,-2.20769298155124
"23",-0.324876862491953,-0.0459365462957536,-2.20451687310841,-2.49059518540736,-1.90940748862602
"24",-0.53665444094656,-0.541151590440327,0.499780294487817,1.9577253289546,0.203346975899103
"25",0.815055764518516,-0.172273727536081,-0.294127472707309,1.75333650227969,1.33838000966347
"26",-0.421096096432726,-0.689872541724849,-0.624834604736582,-2.91318481564549,-0.563432857830241
"27",1.41396021783875,1.63081143254816,0.504246522273453,2.32225097330952,4.27902020188633
"28",-0.527202127748113,-0.224128270267004,0.412219891177631,-1.27323075999278,0.155699084287578
"29",0.534392875847193,-1.47019813225606,-1.16732744288173,-2.02933374153145,-1.09433675741541
"30",0.387175608723771,0.922250613911295,1.03724746797684,3.10058266101806,1.38947605475429
"31",-0.703631756774706,-0.0840344239959618,-1.28469037302268,-3.85878225005063,-3.67906522288292
"32",-0.0789116172569727,-0.0171190383949677,0.714310900087652,0.784258930933666,2.01478927171063
"33",0.605398695978104,0.79501662753135,0.261736223186328,-0.374273126345977,1.49572640463487
"34",0.105815876076096,0.437662776067369,3.14347208423921,3.7839412225202,1.47208409870783
"35",0.191282344401575,-0.59149723216811,1.34910503691866,-0.0946098839962818,2.39397924595353
"36",1.41272253448295,-0.19901827050322,0.0180102960401302,0.0888565869567443,0.5217081887971
"37",-0.745478224323702,0.74169933661697,-0.657263183263362,-1.03253351748877,-1.72806525396998
"38",0.40386051411012,-0.35869872567579,-0.905778711504628,-0.676384317096381,-1.09392447439287
"39",2.0917548528326,1.07102562680911,-0.447192028141207,-0.701275300085672,0.845956274524173
"40",0.105073769302429,0.722191237418538,-0.28826497742799,0.755377808829423,1.29760467301415
"41",0.506147819303812,-0.87851382336338,-0.894552876281961,-0.744886495205492,0.19663660190412
"42",0.517000776322474,-0.282559542942627,0.707864361310963,1.12645861063571,0.242463059283663
"43",-1.70141334858042,-2.36470688021287,-0.0714537259922156,-0.886041185757827,-2.33396588930656
"44",2.61369484149708,0.415137169007038,-0.524258944322365,0.374574625800751,1.34394075699426
"45",0.804890885322665,-0.0514231653159248,-0.420306475182384,-0.710777156594263,1.20273634092524
"46",-0.383707075871299,-0.396059309060875,0.360143541474958,0.97540956592707,-1.08144652605825
"47",1.80124323945247,0.266482405349682,1.50349256550645,-0.212690848730571,1.8731980289578
"48",-2.25320991581106,-0.885871327742604,0.434673170190603,-0.208070297304059,-1.91850135558675
"49",0.604615665956872,2.58327137445062,-0.881841196790421,1.90571802675546,3.6565786339195
"50",1.46391825093283,2.16381520694839,-0.131344417182931,1.76817695876262,2.33454388068786
"51",0.924188971154512,-0.511778536621541,1.52532966570015,-0.021562780855389,1.07966019638003
"52",-0.212083236001807,-1.14285604142787,1.48052588268631,1.00049332384908,-0.790597322491295
"53",-0.59312037096887,-0.908161276769507,0.442755238495567,-0.0493107429309724,-2.2944650027341
"54",1.47351981665912,0.0631599516312292,1.40843063646909,0.579914182790179,2.13555617817027
"55",-0.987387368738422,-1.09575358350713,0.161465549417876,0.949714912747704,-0.45190655590297
"56",1.56607238514441,1.94342377849098,1.18076197592102,2.92982170440853,1.96631519246336
"57",0.635665914579315,-0.46986638873015,0.0638491744511778,-0.296313744426948,2.03499987365854
"58",-1.17831303251355,-0.618216495894743,1.87999001434488,1.77898218337673,0.458039469129178
"59",0.779157927617595,2.19288558224398,1.39947378266399,4.27595597565958,2.00957152534441
"60",0.562829480750336,-1.27355505511733,0.456907953813348,-1.53947867205754,-0.584915426901733
"61",-1.09666135370835,-0.982952720328968,-1.37753070623575,-2.7516471449253,-1.96217241252779
"62",0.0753757096774532,0.895195323870658,-0.273936991002588,0.711910500914181,-2.42334923326944
"63",-0.279789743381201,0.26965435602629,1.09361995069103,1.10077959915728,0.164416567082035
"64",0.0991973129051469,1.15655748140907,-0.0749002750498108,1.36664545994102,0.306444049156846
"65",0.408069547102692,-0.531485490684203,-1.05318628301731,-1.05028235832425,1.00483800065971
"66",0.348463828493402,-0.158070132446643,-3.67811400392408,-4.13659633051069,-0.553668042815928
"67",0.365378171798285,-0.643233326792501,1.35928377920139,0.830010075388021,2.43346989599451
"68",0.28753726288845,-1.09230491899584,-1.71487870921941,-3.0422048449552,-0.453634053194654
"69",-0.273593867351011,1.04803469013495,-1.53985911620256,-1.53852057292137,-2.90345437458026
"70",-0.823460732504614,-0.642997635147955,0.545330079632057,-0.821689280458094,-2.53756634878057
"71",-2.40436543029594,-0.343393338098898,-0.14552090185974,1.17210635193753,-0.757723161379726
"72",1.64015324845044,1.36118356282418,1.40604224854207,3.72106994955952,3.39645719623651
"73",0.938710495522351,0.490804642717291,0.164784145921049,-0.0892973136035295,1.42583203569187
"74",0.205575781660714,1.75762655862124,-0.17740565767379,1.02518199784775,0.0261828210534431
"75",0.1450154501502,1.20167700362624,1.19019572845045,1.0987816638491,0.0215379008261402
"76",0.375127768822003,0.426629756360228,0.0514049069258139,-0.423990312959657,-0.289499664412372
"77",0.48168188314199,2.22298973105346,1.77312228283942,3.59429359162768,2.89555025080988
"78",-0.0189782622380286,0.0661869549328776,0.239383231001203,0.271660556898284,-1.26979265797553
"79",0.688038950773561,0.592186212531221,1.2656577594621,1.62017656713767,-0.626240405862658
"80",0.588395799006148,1.01491003636621,-0.382701781908097,0.303095317905952,1.37517091678155
"81",-1.07500024913421,-0.161261691534599,0.601407932182318,0.448322969883319,-0.447019915854413
"82",-1.38429850126604,-1.41064103846229,-0.153874838693391,-1.8002332976199,-2.39741958596319
"83",0.0358233712694929,0.765444873565863,-0.16271807674203,0.173482504706005,-1.06915490092063
"84",-1.48747420389907,-2.91270840096644,0.401140917188351,-2.54950572123847,-3.46079430488392
"85",0.0325887551809662,1.2603472212958,0.223387416024784,0.177108091582794,-0.271886753261078
"86",0.443292815472753,0.133693848263597,-1.60971714132614,0.0912036071706583,1.18269457131009
"87",0.648725882928484,-0.274365126344378,0.27797692564914,-0.0399832042688352,1.79648821552231
"88",0.343520294746851,0.59819808008128,-0.316342292299371,0.551355702470467,1.11965805520513
"89",-1.34028942528585,-0.844754877179134,0.112562722775194,-0.937689230700662,-2.26124830458351
"90",-0.245146900615914,0.021352144594902,0.448857415454174,0.646697949447692,-1.27834886482949
"91",0.356637564671128,1.02494252596189,-0.982507251420343,1.35829047166099,-0.427897709632873
"92",2.17462323821653,2.11231528947904,-0.220370266294477,3.04406952521419,4.78619685069245
"93",-1.72068451575634,-1.30549531124173,-0.70132301519982,-1.78015382473147,-1.95388131172751
"94",0.348341115959018,0.000910329324078474,-0.166766230562149,0.720241047518915,0.127434507059064
"95",-0.398576103319955,-0.308131190707237,-0.629698404597766,-1.36305960523906,-0.517814638802341
"96",-0.65055050236623,0.231714454584361,0.756765470881811,-0.689249713133814,-0.0106246944857987
"97",-0.801300735822487,-1.05983224197021,-1.03652051129994,-0.857550372580582,-1.00071337489979
"98",0.532278759750413,0.316939009835723,-0.165555670175986,-0.574467397488389,0.356271672712941
"99",1.53892741583424,-0.238704756659096,0.415352134826407,-0.0567157398772553,0.10603632077613
"100",-0.670271396564119,-0.729060597535611,-0.841168907399452,-0.939729486029862,-1.14365402214638
"101",-0.0309313277241628,1.56291175586776,-0.464848622465979,1.88112643996954,0.967296158223976
"102",-1.66097038296316,-1.70973021832923,1.59909657085785,-1.36363322315147,-3.41906086570544
"103",1.81591345123517,1.71050563541608,-0.517503662739356,0.809956534352295,2.16281769709715
"104",-1.230332046348,1.01137212067523,1.14778520090167,2.31347521233744,0.97281056518434
"105",-0.342247899957903,2.64059460114613,-1.98488011450944,-0.257974790555645,0.602167948040075
"106",-1.20264214353181,-2.03852472139524,0.449051154930675,-2.0140617418723,-3.34350699078155
"107",-0.15323453072523,-1.30237115674916,0.641360033519681,-2.89963345425892,-1.4728971931924
"108",-0.320235149842767,-0.283776522043731,1.03375562561866,-0.567544714504641,-1.39477026009091
"109",0.0960781371498322,0.0618482767559333,-0.904771924406527,0.456939100950386,0.254355115908135
"110",-1.15818467638096,0.232160458336034,-1.31532296622665,-1.00847958056333,-1.14331964054177
"111",-0.736852589532949,-0.212373718227316,-0.15858702799958,-1.17409399912702,-1.69122895491909
"112",-0.614110545354202,-0.737009738763125,0.504942990809228,-0.763439986794518,1.12640560827221
"113",-0.604507004908198,1.16552800833169,-1.14746492757078,-0.14359847400036,-1.67878958031948
"114",-0.793134790538611,0.930110408727264,-1.15124283655581,1.41947265288807,1.42499597344335
"115",-0.858822731434107,-2.17918372813534,0.0706728147002754,-1.57852569348144,-0.653140953671346
"116",0.559931763983639,1.76533255815796,-0.2900896018994,3.51994512235329,2.94519064537172
"117",-0.119299805423463,-1.91920324085296,1.36587405403257,-1.74387822551733,-0.147102377992379
"118",2.91090473943265,2.43723744966366,-0.164755688965741,2.50976160904458,3.26654341847805
"119",-0.596574733549754,-0.498708711279254,0.274082854420622,-0.664829441821895,-1.36530518178897
"120",0.570798336330409,0.741693151547594,-2.20305215063966,-1.42161146033962,-0.759912469923447
"121",0.288053874065355,-0.550653139873573,2.28818143579716,1.06495811535323,-0.299986515199341
"122",-1.31836584229985,-0.581365282288738,-1.01089987667574,-0.582735172547739,-1.55517196553395
"123",0.537892024665692,-0.323194305880218,0.0991743657382914,-1.32650602896412,-0.656774209963899
"124",0.903137761688925,0.788149917791671,-0.241726864008266,1.72027088230053,1.23456406388893
"125",1.33281925050327,1.3417617148563,-0.945613693937739,-0.586483087696117,1.22678528521027
"126",-0.570630975006169,-0.229033393724895,-1.64983290690424,-1.59813966352679,-1.70878656283464
"127",0.85247677960952,0.937857190213769,1.54365409961737,3.08263862614938,3.90249057230071
"128",0.0932770707508883,1.25154543879306,-1.11590192101919,1.79818378514367,0.96326854482104
"129",1.1840288028535,1.55996919390676,0.302450315511935,1.17624078615562,3.55516173741161
"130",1.03066482792435,-0.624654970469835,0.442805329905132,0.566446828113528,2.1074227514866
"131",-0.0247738321071647,-0.686817072829706,1.91820532567882,2.13026383565837,0.342311955443802
"132",-0.684243716194249,-3.14081863162435,-1.17922560050455,-5.20885740097132,-1.91760535668281
"133",0.649546759213172,-0.00625471823910873,-0.0433676836436524,0.050916268885222,1.54271470381933
"134",-0.993630886259464,0.499196517003963,-1.02457112727198,1.73335990722911,1.49759382905921
"135",0.211644844464879,-0.776997016629773,-1.78158783233333,-2.9275584954396,-2.10749909898261
"136",-0.824208407501211,-2.02442740434706,-1.12279037273261,-3.8454264659073,-2.94031140272639
"137",-0.549197980769829,-0.573110360288626,-0.500741760621681,-1.00302530249211,-0.338541998578933
"138",0.389705746802625,0.790096910211861,1.90783365246506,2.97318224587506,3.39440310844034
"139",-0.313675989363321,0.563379261125206,0.411810375878974,0.822444012231304,0.66520062139327
"140",1.29940934391765,-0.0164883538458067,-0.955090614371931,-0.823966138576712,-1.05000705512069
"141",-2.335226814694,-0.587915397714565,0.588309171299039,0.38519062745703,-1.43857295547613
"142",0.581884627409547,0.131670691396807,-0.53125220158864,0.991512200415708,0.325461744435449
"143",-0.301465114822063,-1.24825987250886,0.670778035873476,-0.00891923385831095,-0.213318119855094
"144",0.315175301142816,0.206053769576029,-0.377947728435167,1.79734391938341,0.798695038273777
"145",0.137491459331512,-0.958859170874221,1.25236052571787,0.621759894363363,1.57761198724982
"146",0.882318013015792,1.17348505953853,0.938189926206661,2.19554431376361,2.44086062593158
"147",1.92494313730554,1.74155025027489,-2.15824774632676,-1.03988421896986,-1.04386915749218
"148",-0.121916815030755,-0.200250775124688,-0.480763591846098,1.01146216316649,-1.96080139857634
"149",-1.75642562299296,-1.06780437459832,1.55986582138574,-0.121977276342074,-1.25907632957215
"150",1.3472737471231,0.735934653773489,-1.89714105324863,-1.24118925939889,-0.164190185713541
"151",0.253720860634419,-0.383454563989267,0.862307781200272,2.40754344049284,1.28648527458609
"152",-0.349060455262889,-0.499214361242741,0.926811525193206,0.13237693947157,0.11913100833847
"153",1.7714699064422,2.09614613419841,-0.509359051782408,1.8141200451121,3.37052595253036
"154",-0.496111047339751,0.699175375007257,-1.52072924675221,-0.436407424680468,-1.93037941804789
"155",0.82501614068021,-0.0919133387005833,-0.194335075292768,2.07181773172321,2.19214522599054
"156",1.64950167455604,1.64719346006612,-0.589195668173919,-0.517943868659742,1.34317219079955
"157",-0.886851302771899,0.664697972016249,1.10018578260074,-0.233458499368813,-1.48785504030014
"158",0.524656252025457,1.10545743629879,-1.01272872530628,0.760962807911852,-0.149614046381329
"159",1.07211469504051,0.531987274433899,0.543484501400201,0.116873657776165,-0.388072726630136
"160",-0.725829797403373,0.442556168654991,1.0316673230721,0.821400848698518,1.57187386426351
"161",-0.160578092463009,-0.356897637389,-0.238573012962373,-1.37447843966509,-0.291745226397353
"162",-0.633792847403416,0.507286294002105,0.76089253123201,0.729668163612545,0.744368350350553
"163",0.285586649749042,-0.116461300540265,0.945486600049331,1.67104859869733,1.87353481231805
"164",0.183615440743163,0.165413539667755,0.742846198433381,1.82652258814549,1.15946785871978
"165",-1.33947237891586,-1.32254713253545,-1.06591616834922,-1.59750809670399,-0.627920215833018
"166",2.02402205821807,1.3369935719951,-1.49521363383462,0.265730574793467,2.03496794569977
"167",0.54318905583163,1.09741463888297,-0.930365929944376,-0.290509009545802,-0.186143536539954
"168",-1.66248365648245,0.944337991392845,-0.183895391570913,-1.21659304528611,-1.94497844149536
"169",-2.5437366918452,0.0488000957127295,1.57483905719334,1.07944839616523,-0.692513935528344
"170",-0.96909404418029,-0.0634503243134408,-2.12047892492474,-1.39826563519799,-0.606953701201821
"171",-1.08855097054412,-0.476293944041122,-2.82667159293012,-1.98208269871444,-2.43037238759477
"172",1.41519661844607,0.234612377802794,-0.363998417525774,-0.865007895312313,-0.208921527982702
"173",1.06719167875095,-0.868762134349793,0.15408920857417,-0.269910548968318,0.763126512350367
"174",-0.949385822501198,-1.55113310764379,-0.75545163772781,-3.62916934713533,-2.60389761563042
"175",1.1609717084516,0.464996552528584,-0.6533466238357,-0.833497827778954,1.77763269052379
"176",-0.992374589069593,-1.708174330217,-1.20930603464723,-2.79006021724375,-1.9544221152202
"177",0.837500711991643,0.73687622156805,-0.474881135390363,-0.960072951915993,0.411918993310281
"178",0.947193994465629,-1.82023472588857,-0.683303907424245,-2.45860913354226,-0.198706159455734
"179",-1.47272614393613,-0.151518837172155,2.02235952731407,1.7737060021577,-0.085273917599053
"180",-0.198340437478645,0.15009430419473,-1.68278082004177,-2.24198125601421,-0.953621383033313
"181",0.0945739783446379,0.430603748289002,0.253970396130876,1.48496987601617,-0.49660809657054
"182",-1.06729697540338,-0.93984704911228,-0.129855811882309,-0.887084790623092,-1.67027030937056
"183",-0.136277835344491,0.120414175440717,0.916983947352728,0.142129984377365,0.538199172740014
"184",0.257184481587427,0.330524874157327,-0.0126930595628471,0.656955987847843,-1.22697854844263
"185",0.0747764230981302,1.07427301223914,0.579562089340716,1.21502417439293,0.237152791886984
"186",0.759919717567144,-1.02201904242048,-0.0145057676170308,-1.09831918024723,-0.0141401030817799
"187",-0.401880801381705,-0.414621324084669,0.143133425626408,-0.548249354204059,-0.963474037826869
"188",0.506146980084068,-1.22913960361373,0.902064732513574,-0.670557257846121,-0.846023230434049
"189",0.804876694303533,-0.0584980527344128,1.08071137244039,-0.50228234809029,0.642124564827479
"190",-1.1413401567949,-0.0785095372372958,-0.0376921839090161,0.18148371508442,-1.68978620098806
"191",0.275115002411935,-0.0970284079450089,-0.745488360199949,-1.60131186228773,-0.337657765986387
"192",-1.23084438418042,0.767490954844868,-0.40134465524988,0.211516603948094,-2.83930548193805
"193",-0.192785660347684,-0.15410775183777,2.23570178592362,1.85727377173575,0.515659640138477
"194",0.368366923671787,-1.0257905109842,-0.0791234451945819,-1.14248929396865,0.461566839496923
"195",0.661788634767087,1.03901753420901,1.55742152636366,4.44774150000542,4.01267289009024
"196",-0.743126078447942,1.14177688026744,1.05255156188961,1.5501740969574,0.193371470672444
"197",-1.20765459633162,0.216889061149793,-0.293800831439474,0.356172309206594,-0.0291970742089628
"198",-0.627057351807272,-0.567106208024737,0.648279311805488,1.18449203513378,0.406422498603402
"199",-0.126827840190019,0.164895939481267,-0.671675219637909,-1.55143074771095,0.693075535890697
"200",0.461908537331374,-1.63802222840251,-1.17968825308325,-2.95503295741103,-0.35454283745484
"201",-0.111067661641393,1.67132953544235,0.290093827011862,2.93018731355022,-0.183143722948742
"202",-1.8688814218858,-1.02129366713195,0.466687639297292,-2.25016525635274,-3.34141898830268
"203",-1.3098157053508,-0.499657101394751,0.487601403628861,-0.861331840295981,-0.736498378648782
"204",1.79309282969965,-0.59668566150882,-0.0944272417827187,0.0553684596607256,1.47926422208302
"205",1.56985675612725,0.401150101009715,2.1120230055725,-0.248335816714618,2.76094015076983
"206",-0.179201594662666,-0.417750090280704,-1.17909478079811,-1.24536481615937,-0.394721352304028
"207",0.618868198608057,0.14416144209671,0.574928361480001,-0.880633535719907,-0.760030564318154
"208",-0.326808136827575,0.842358832753263,0.479846148446983,0.831633158538212,0.654872476007546
"209",1.02367493467016,-0.336465993946786,-0.825141316928003,-0.495652145497023,-0.165271307680179
"210",0.696729259044276,-0.0364811246218888,0.40986808364589,-0.953703981259574,0.328875867491805
"211",0.0487524755582562,-1.54358033887531,0.135619060227471,-2.49881109579892,-1.70815111155528
"212",0.218828495951407,0.755096883530454,-0.0799166949363291,1.18271285529226,0.329265676580988
"213",-0.818797701135836,-0.392312678977492,0.0964862710138318,-0.547439661486686,0.305980708101976
"214",0.800814113995136,-0.568027780596784,-0.242782966698478,0.431923386838822,-0.199978586924336
"215",1.92812068437505,0.746137059797868,-0.587820980534625,-0.652664225083527,2.32679260363645
"216",-0.361892063478546,0.778103133770012,0.389511144899629,3.5160027242052,0.929014825013776
"217",0.782343875414676,-0.586724210499951,0.513589303121272,-0.962184468132388,1.28879478582387
"218",-0.452632332710476,1.56132210500184,-0.656723576142373,2.23253706836545,1.37392767896036
"219",-0.782513073451656,2.27282974864096,-0.361470267803659,0.816830563813959,-1.26944591895737
"220",0.940624655728368,0.011238755683426,-1.84940309275492,-3.36596054906343,1.94675851033805
"221",1.37258176994734,1.11484858763577,0.463387156805469,-0.188230737690789,1.61082352619016
"222",0.38300016071701,-1.22048483493559,0.405968619505633,-1.05553438857301,-0.469668035589019
"223",0.554707881622097,-0.954733257476889,-1.13447575383808,-2.52034685217625,-0.910333764044188
"224",0.464444578306365,0.739340006474888,1.02690090412049,1.54649992453801,2.37972841306181
"225",-1.33707892956206,-2.6048851221789,1.10502957021776,-2.1393051146931,-2.39176310532778
"226",0.773604518240794,-0.804026621361022,-2.00227356972189,-2.55417160643948,-0.638573539875076
"227",0.967787457085295,0.305083015774313,0.258570625695486,1.00107451317483,1.16809078285186
"228",-1.82728769944848,-1.46652282480325,-0.830698690589089,-2.88679787420847,-3.43075548495996
"229",-1.99806590346453,0.773996018422182,1.30872993462809,2.16986701070742,-0.565157072907009
"230",-0.0566732227521399,0.659591056232988,-0.303105125049305,1.54988686782164,1.90878841689
"231",-1.42465964693548,-0.950280921051285,-0.125304709449514,-0.392907480925144,-1.58198591536987
"232",0.120694544437846,0.825270940324854,0.718853196302646,0.600695441274384,1.34325567817464
"233",0.984924993598046,-0.96780554225016,-0.37663109697978,-3.30879191749369,0.594070073568547
"234",0.395436137600735,-1.13934848259932,-0.349118090933621,-1.58861326374117,1.6820050259495
"235",1.41508750773932,-0.643175670285138,1.28657130756463,0.0211527178805301,2.05435201855501
"236",-1.82362420356534,-0.379623659074349,-0.549027691960539,-1.6109182260541,-4.44379630455247
"237",-0.306673926260261,-0.823684780525285,0.48160397625822,0.359356804340264,-0.719226173865104
"238",-0.0627098905148127,-2.07121127254558,2.39242814885095,1.80245365569303,1.5884509173294
"239",1.23107236502544,0.551578537528546,-1.25337963211252,-0.904946201718689,-0.00688805478066712
"240",2.38287108389337,0.871637491527664,0.992810031257416,1.52921494276348,2.78579938588351
"241",-1.27213183505354,0.554175271302165,0.340686510877758,2.51977029713317,0.39983383008967
"242",-0.376414792947177,-1.87607765619325,0.261206211593978,-2.21692753195494,0.439477254661874
"243",-0.612406059915139,0.0287084538121069,0.23853840341104,-0.416610670219257,0.310035115844115
"244",1.07353305238388,1.95277437221693,-1.2811492145571,0.127219317453254,1.07777069745523
"245",0.372373495863209,0.32122774676504,-0.539906534857844,-0.115749077131296,0.0834650429589138
"246",-0.529654085757787,-0.15025536794193,-0.0521354869785164,0.167683722779046,1.13713309231397
"247",0.0286536618586954,-0.182045979494348,-0.287129532537523,0.149174801602431,-0.637722868793163
"248",-0.202062423865559,0.0891448889917304,1.25231537217447,1.43180147036392,1.00243205571973
"249",0.677496190126856,-0.776937961661428,0.345931518460694,-1.86918425722821,0.403189998895411
"250",-0.481785747229777,0.31827692639586,0.728725975370092,2.49440640775844,0.800298407995877
"251",0.987744260494147,0.135274139184479,2.20783121657406,2.55346904366959,4.48757381238595
"252",1.93466145765616,1.62766528272851,0.612039125512993,2.06854448337695,2.46171818509129
"253",0.120168234731723,0.549152087068877,0.167969133279226,1.25128727409376,-0.811059367698179
"254",-0.629088891389407,-0.721640545539428,-0.268383172527888,-0.452026978582946,-1.20887287467861
"255",-0.706723003870487,0.0756091417408164,0.452306484230793,-0.0739967689612855,1.40505651993182
"256",-0.373754787650039,0.0160901529627153,0.501973121141991,0.73192708018661,0.390033521724725
"257",0.571075614013014,-0.883542318563762,-0.644848185778229,-1.57518528794821,0.0159325219748824
"258",-0.183806769764836,-0.305617452102069,-0.113626279178783,-1.02834828767864,-0.0953457460678763
"259",0.69337835713098,1.34236429250589,-0.606058600232245,0.228402503641054,1.59351838604047
"260",-0.250634610642732,0.0907660132434175,-0.783274422875186,-1.54550685938139,-1.84062850071906
"261",1.55353494765211,-1.67109211585875,-0.00693977726224857,-1.21939130741258,0.706921482830122
"262",-0.113099602693492,0.603733622513836,-0.298527249435303,-0.550422969529418,-1.62630269705496
"263",-1.04075920577909,-1.53861924305941,-0.604862760997446,-3.33311623143959,-1.73864027598344
"264",-1.4139479957143,-0.254213372553759,0.577539872038483,0.45730556241813,-1.41883929457669
"265",0.205512074890432,-1.65246808722451,-0.828081049994013,-3.2506401476597,-0.662728048541612
"266",0.221228202282216,1.22908382002745,1.03611719147929,1.6693942048279,2.32346889941103
"267",0.651164536198636,-2.11670807650894,0.938493196480499,0.0780021851380099,0.375209385256323
"268",2.01632436060218,1.27434082724003,-0.0201888066953062,1.31139380554254,4.02224712850552
"269",-1.53311198517825,-1.84386795111695,-0.345940321352117,-1.88820359642489,-2.44178621374432
"270",0.196932989246688,-0.609348452409833,-0.113346690599217,-2.33160032983233,-0.170314957558363
"271",-0.625706470482942,-0.0617258883856756,-0.283848665717667,-0.818706054462926,-0.205161729537247
"272",0.433039145189865,-0.18093070358968,0.145356664517309,-0.390866094337045,-0.191743325463192
"273",-0.548509679324731,-1.33090821352074,-0.131185535026771,-0.679142613989449,-1.4618570454463
"274",0.587599104680754,0.995054885262819,-0.0415176546504519,-0.225199726582199,0.434022196677349
"275",-0.355476573257848,0.942477993889548,-1.66176898394923,-1.93087530070318,-3.04089922320549
"276",-0.328889981552923,-0.762647466350321,0.105826495927071,1.12289267546224,-1.59698003557051
"277",0.957089070706507,-0.788463068773509,-3.3661881995577,-2.62239715308301,-1.61396452950657
"278",-0.256927100466866,-0.22163780558596,-0.0858848187716242,1.32069636106688,1.19165813235563
"279",-1.68381638478567,0.00459653428583207,0.0413902511974981,-0.691929503923538,-1.79820292092319
"280",-1.2809463114639,-0.710336090663232,0.863099364226889,0.229435764109872,-1.09470842731479
"281",-1.33396517930761,-1.01576901726835,-0.675948556741833,-1.8170697017974,-3.28572581969827
"282",-1.25509934769465,-0.192735330497723,1.22013060676338,-0.550845218743416,-1.57784312076653
"283",0.337281331503255,-0.838443995101209,-1.43128303182867,-1.81438441895337,-0.0961021809254831
"284",-0.206811361896955,-0.674909801585683,-0.151895629395283,-0.132159870474966,-1.50905539335113
"285",1.31484751704515,-0.628160704039754,1.38005151032707,-0.0241984874566591,0.633176266466921
"286",0.0726050087252601,0.0409480595938693,-0.789142595230492,-1.59469468712113,-1.06144266563975
"287",0.410168890505374,-1.37800072048862,-0.335814721514981,-1.35843924600381,1.96156151462969
"288",0.131035417597814,-0.0343244932321388,-0.435596505056306,-1.51907926277699,-0.37008539231582
"289",-0.456642101935147,-0.125025736039462,-0.468300853804361,-0.303193369644775,-1.21110056362931
"290",2.40451669139108,1.54596358847907,-1.81765863802391,1.45450896466787,3.46117208518661
"291",0.482870852458442,-0.739207547304252,-0.544554837720914,-1.03643735613747,1.27391748689065
"292",1.48720824971549,1.43020596127264,2.30752632167016,3.35409853007618,2.58029861308276
"293",1.25007042428306,-0.0184173701716759,1.88887234323908,2.81768273671403,2.19248706568637
"294",-0.674789202987987,-0.799688928907907,0.729435679738843,0.948486399817992,0.529078725476868
"295",1.00716803000941,0.0915993183791673,1.90724561569374,3.31488462830173,1.83653359216655
"296",0.126422578681014,-0.220574910488619,-1.10121898085618,-1.42369363601066,1.37176016086691
"297",-0.0440776540090887,-0.299043851967522,-1.00089588717318,-1.61148270937368,-1.82477357897115
"298",2.26462452288912,0.683181492510538,0.246469213124419,-0.251085456650863,1.41362864171856
"299",0.587772827379319,-0.452599652874056,-0.465504215034361,-1.54851059321176,-0.877519364766264
"300",0.68713871303847,0.698427111348534,0.192330775928761,0.476296959640764,-0.792475693598066
"301",0.839757883772857,0.273193980015251,0.615550896125881,-1.21627240547204,-0.857962526040461
"302",0.285622465335211,1.19014426717774,1.19285175532079,2.36121404371456,-0.239099064194776
"303",0.119777548894248,1.88681323101464,-0.0135507535700351,2.48749822962112,3.15562829903182
"304",0.35425163092729,-0.290232274108682,0.630465571486424,0.389911691952908,-0.116590238215293
"305",0.795454349801123,0.915013481198982,-0.0388701572326818,0.222031056684972,0.0511691866905186
"306",1.57788811288979,0.059858956750513,0.760842579869523,-0.466953986392324,2.60894209051936
"307",0.278608113317584,-1.09612545015121,-1.26716853541729,-1.92616155703487,-2.31122655029129
"308",-0.456140099716102,-2.35083151973512,0.850265083518736,-0.768299378928051,-0.0748150673304244
"309",-1.02462084447153,-1.03127467844086,-1.60909806331522,-3.34361165767109,0.835833444111645
"310",-0.994954611068989,-1.81818489897432,-0.881240986168242,-0.980189821035862,-3.40885880135299
"311",-1.44506273058562,-2.05242689469991,-1.13793635002977,-1.27354028373408,-2.499604293169
"312",-0.542084630960074,0.0934036406542704,-1.65741786941647,-0.772610430412368,-0.582781272393995
"313",-1.45440863838436,-0.437289676579511,0.921899329298253,0.758111981081014,-1.34740854251612
"314",0.0434429013639417,0.0854696495932292,-0.868768977220675,-1.25287934850853,-3.18168640323526
"315",1.7828438578114,1.04989098217068,-0.166390485554718,0.926106093961161,2.1071724745892
"316",0.0147900566220943,-0.909756446727315,0.0228867835411923,-1.55559890414348,-1.03752973360988
"317",1.38961176626827,1.03347601845651,1.44815399190555,2.64538795557737,4.6160978270556
"318",0.647458133603272,0.31524216167257,-0.419916938134606,-0.627384873242522,1.44147242302974
"319",-0.688571258872109,-0.845395412648346,0.611074937243055,1.00673115288157,0.287181375191198
"320",0.624535716653335,0.654240646519049,0.181719669591737,0.420889350739618,1.29055277555692
"321",0.16439858208585,0.384534229881109,-0.90761609418885,-0.164785597926373,-0.526646092169859
"322",0.0075455188257805,-1.35309874875708,-0.758294935309135,-2.5751937574821,-1.45952021640439
"323",-0.865981782588187,1.14675535516921,1.2280168702118,1.1609278718107,-2.18082891952715
"324",0.0112749887086439,-0.148275678248377,-0.752198804205555,-0.397077306289699,-0.581956488545709
"325",0.460109282343585,1.22770455920088,-1.40485368688325,-1.91892620958742,0.128797479458694
"326",0.804911354581386,-0.426028932748588,-1.66409229066194,-2.23754245863664,-0.748550827610903
"327",-0.0721508501745038,-0.80980419595197,-1.40000647466735,-2.71675892494408,-2.88757933660972
"328",-0.174881560843668,-0.0999920567364946,0.780593199809592,0.54194642837863,0.118761647440365
"329",0.238563763203678,-0.299570924997324,-0.403204545931718,0.615835967110011,1.17002421717618
"330",0.0695412140113201,-1.35126761506539,2.11615502907266,-0.928110484971594,-1.6409274828547
"331",-0.327752765111969,-0.711162947357396,-0.731109737964098,-3.50591881013405,-2.16960485600555
"332",-0.373461965435555,0.0727977290866286,0.537880494644664,-0.0915640764094342,-2.30091279158365
"333",-0.295964233924362,-1.2770335681445,0.472466266190062,0.900334224282511,-0.180194873719964
"334",0.518971850259631,0.596188095539728,1.26855877614643,2.41140310470956,2.34092733825701
"335",3.73683441573643,2.11759304413276,0.66702595746854,1.2363205018421,3.44506966212418
"336",1.14528501527431,2.1649336926047,-0.256033543989982,2.37648051325519,2.58332912222591
"337",-1.41411294475829,0.151060885902992,-0.380571539381715,0.489167940350872,-2.0503298173455
"338",-0.596854295762989,-0.826250134039316,0.0605811021284299,-1.15288278752051,-0.533282867787132
"339",0.158331350047555,0.249794753020499,1.54888730327825,0.963450706683682,-0.0209194377720942
"340",1.1133124841312,0.47789096199954,-1.18824433293588,-0.509013994794508,0.905908757279009
"341",-0.322269168167048,-2.05775550063312,0.30216262943879,-2.61022849763156,-1.66116655446567
"342",0.330365108477474,-1.43072896363756,-0.411800555941217,-2.37612393708804,-2.28362433395362
"343",-2.86708088660335,-3.11726791301339,-0.0289872463323664,-4.81849918632541,-5.22932914620927
"344",0.682833003898137,0.50837292625276,0.603197537875624,1.93971560801407,0.553515419407662
"345",0.475844482766585,-1.51181264220057,-1.2057387970871,-2.4942066690653,-0.259672352032096
"346",-0.29814020919023,-0.449571597194624,0.768715370638093,-0.435784113189557,0.428374734322022
"347",-3.17649159619897,0.166881535049617,-0.926345586380031,-1.35455559021365,-3.44720149767411
"348",0.84515255982753,2.27711847297461,0.408865629234986,2.43867718725255,2.18491437157081
"349",-1.40878405535818,-1.7090779941843,-1.82568018056957,-2.99989134807806,-1.3581674550678
"350",-0.470692064010738,-0.272021238305428,1.16357467699921,1.91414379921111,1.52577114339972
"351",-0.671520833730278,0.125950864025675,0.169492147172935,-0.226279835985996,-0.00118902133695853
"352",-1.62176363627061,-1.7276354378283,-0.199252841088414,-1.98435549428569,-3.15071764601987
"353",0.2851154327843,0.540155820636486,-0.535644461442364,0.379682530388697,-0.429422856473142
"354",0.442818660511965,-0.418771894422111,-0.473407032497594,-1.56505059598964,-0.817257907177562
"355",0.335614234698458,0.530543200940407,-1.13938921786331,-0.174881625176845,1.4397528768158
"356",-2.62474629034148,0.321418659189724,0.322015462638566,-0.0899227970392549,-0.826730794247887
"357",0.456324385209823,-1.39266047145846,-1.42691059618161,-3.26964558997565,-0.31215093885725
"358",1.32972085722192,1.01992338926829,0.78075589102584,3.22568449799602,3.05638915980006
"359",2.07450875233461,1.0853005333948,1.88395544257726,1.89498583922838,3.37199337802845
"360",-0.593479938078198,0.324887201139696,-1.03158795425063,-1.32257881582686,-1.63743434783437
"361",-1.19060936659886,0.59810425977561,0.305590689469385,0.846264311982103,-1.06871542101585
"362",0.110913563699837,0.5863131939593,1.2058163557705,2.27718206660057,1.01844404128597
"363",0.780436476319709,-0.527899171016702,-0.201290948978112,1.25425400344058,0.421407263540416
"364",1.57499699069807,1.06030793516148,-0.935070151261508,-0.131494738251058,1.70862914065848
"365",-1.13740529511076,0.0699258497903041,-0.369360126153059,-1.78816291519515,-0.381316974674404
"366",-1.08138894834721,0.822785335588397,-0.344282964455657,2.35289245587859,0.506707569508192
"367",-0.919054256689328,-1.77818118182556,1.21844168627907,0.626061016330314,-1.48403456229981
"368",2.26784703919469,2.55906073280695,-0.953625443788844,1.5009193824127,2.525418384479
"369",0.260814887496948,-0.324275885909807,0.258342353056363,-0.198974343804815,2.76498347521025
"370",-0.383544202462247,1.77078311197614,-1.49536831774095,0.000317261931877921,0.414999088002144
"371",-1.36351528294928,-1.67762175126241,-0.229374534529796,-0.254163235351934,-0.356713186736441
"372",-0.340881889205811,0.333214528729146,0.341020786321333,0.454603979022522,-0.945478572536382
"373",-0.152366429345985,-0.124170596414192,-0.572351100292168,-0.0525232118904817,0.577770025102223
"374",0.582068751020895,-0.133594377320903,1.11273294854727,1.7625998027881,0.294438876662556
"375",-1.65386857982034,-1.61294702719415,0.314737755976646,-0.717523575798904,-1.06545432393106
"376",1.92563857904336,2.34966616475297,-0.857280382953476,-0.218722805449939,2.21299303619313
"377",0.415011369395609,0.193811805159051,-0.382276401372369,-0.44246075304936,2.67169420870928
"378",0.68610410375713,0.516545597818816,-1.57918314489885,-1.21116209511131,-0.449431510859912
"379",1.42669162279511,-0.262798995414523,0.802841700595069,-0.462478498919475,3.11977635505131
"380",-0.831783427211797,-1.13399485180701,-0.593638826908701,-1.93731920685611,-0.99792980296906
"381",0.285290817042023,-0.521810757833097,0.82242882558939,-0.240729408003371,1.08279258479551
"382",1.08679282110432,-0.875537307390187,-0.108462732388863,-2.71122702086781,-1.66252974004459
"383",-1.33738058536507,-2.19688911030486,0.662279456770135,-0.733895630490046,-2.80687150754239
"384",-0.348644801628924,-0.850945898634962,1.5321252720565,0.475729748619359,2.09785829182632
"385",-0.534389892815725,-0.791688070753752,1.51510904182948,-1.60297874722944,-0.797653857816103
"386",-0.0654936937185384,-0.9957635826607,0.432977626127291,1.28683827400157,0.966264855613372
"387",-0.552861083963682,1.5777681370926,-0.256805653388951,2.7774491529949,0.482320440581961
"388",-0.85050693413753,-1.05425668162103,-1.23801082225322,-2.47425950859695,-0.884639352113518
"389",-0.54281650309723,-0.647466209169022,1.10730773613681,0.700712137162287,-0.271323534152476
"390",1.20849304567227,-0.828230963169815,0.302474690550682,-3.02117474190634,-0.422114432825469
"391",-0.994040140589355,0.791252027197266,0.250173866362181,0.624880688529787,-0.502273250077554
"392",2.40403280472822,2.08353115524206,-0.697878186629387,2.45636228356715,1.75736298680961
"393",-0.100528404554416,1.62553929410792,-0.246970367069859,0.976902679727247,0.261811446405076
"394",0.694097158828787,-0.370544909620212,-2.12739756104307,-1.22476585694557,0.025796668433957
"395",-0.87066674430506,-0.727404184486166,0.296319416910487,-0.187991771012255,-0.731300892339361
"396",0.135453382386458,2.73486547719896,1.43138528289878,3.55482058515501,2.53242056322638
"397",-1.09743011637087,1.06758692218737,0.0543331887374176,-0.649518012586927,-1.22781624100603
"398",-0.171887132112972,0.0788096069124193,1.44890831701533,0.0144393071720585,-0.406193682266228
"399",-0.00871203227778391,0.149522962681161,0.671274415993289,0.594731710727286,-0.77091572265849
"400",-1.861328983967,-1.36286438628101,-0.524996661991642,-1.96426999230076,-1.89036476997247
"401",-0.82387869935817,-0.425974335252955,1.26183333587166,0.50753245530556,-0.777085250647904
"402",0.560605133203978,1.39900816946745,0.76910554573501,2.13390830348509,0.56494037243357
"403",1.27031226099989,1.72154732255327,-1.39656462960368,-0.974625896645561,0.545169669741624
"404",-0.853184851509078,0.352709017532094,0.210784204239649,0.110373648815364,-0.960814229128404
"405",0.0163191294689216,1.32511683701564,-1.09606435148859,-2.18575561954532,-0.585185291652336
"406",-0.123762933816011,0.256752632331619,0.237115206851693,1.11927504051343,-0.0300736091234052
"407",-1.17421898790422,-0.926670467705086,-0.808085006877539,0.469068218546117,0.365227812501673
"408",0.4175021012512,0.512834856007065,-0.859022495199026,-0.423124433534296,-0.824653623338085
"409",-0.881467417952168,-0.365039640132367,-0.59729340454802,0.0495431450165066,-1.93684027085106
"410",0.0639272890731604,-1.07863208264232,0.777061537301668,2.00899178178699,0.318879441125097
"411",-0.0562143071507875,0.278587881760234,1.38382184945834,1.81432122098279,0.666588633055835
"412",0.429490821223817,0.108199106901473,1.18005316284838,0.286075236075817,0.817072606012528
"413",0.327570395993399,-0.603716899390063,-0.649294047952811,-0.479710579267389,0.428816192170449
"414",1.38040049467109,0.0610406904430573,-0.956074587100238,-2.25076025227671,1.481971291993
"415",0.187378062510919,1.7921035645347,0.206991981785765,1.33451041481079,0.648211724952958
"416",-0.981878864056584,-1.98140162178011,0.735894714687083,-0.147704512032939,0.393814017493018
"417",-0.612950898388362,-0.355724484260837,0.275558368035323,0.847213685698346,1.03608426781162
"418",-0.179853322202639,-0.184635989057931,0.000911262047164389,0.394370755662721,1.47000671340991
"419",0.217867592791477,1.45799091322754,-0.0257447803322312,2.09594181890112,0.908378296193919
"420",-0.453321753576144,-1.15974789466321,0.617598577713418,0.335950386312972,0.0360463979720507
"421",-2.15442959680144,1.15313442385884,0.974714572785639,0.272986618701107,-1.74290972494311
"422",0.809252438781265,1.02527939296455,0.0197592547333218,-0.236389761602393,2.33403573494211
"423",0.380273170129347,2.26729274343664,0.91368722948104,2.53221820394886,2.68792585928038
"424",-1.70344290982328,-0.409353208173687,-0.614000584873144,-1.30023632994253,-1.67899145230449
"425",1.81030984534779,1.54877707286522,2.4303056002706,4.42537162772931,3.26789571973066
"426",0.266479513644313,-1.76569254028342,-0.0960767203542447,-3.6725734240027,-3.32007624592878
"427",-1.03170924424794,0.848359476311837,-0.567459745171472,-0.831962001628126,0.484238217465228
"428",0.62400065873977,-0.658061009810392,-0.922367745621603,-1.99677529747568,-1.10296564368507
"429",0.319419994603394,0.844003300375767,2.01950171534919,2.07662260785043,1.99045721475924
"430",-1.27953990720202,-0.948391747176681,1.36481653491431,1.62124847480679,0.981610535207197
"431",-1.37696609739781,-0.798469137944048,-1.66379600958224,-2.5782309268867,-2.14896237846322
"432",-0.972288121285715,1.43215872308907,1.43738757277775,4.13215785590488,1.950086608361
"433",0.403405188276523,0.280645863285241,-0.773078032860403,-2.50726947529738,-0.565987105864828
"434",1.75789971335669,-0.0729812376322632,-0.366100828703457,0.0829568313153174,1.05031677477051
"435",-1.07588730500991,-1.28921827374845,-0.728780839501667,0.413704950795163,-1.8148637672235
"436",-0.00221583741036823,1.02742786352653,0.520252459122547,2.81661125726855,1.9732061818013
"437",0.325854086280009,1.48380449546663,-1.38202379951269,1.64867278319835,1.17667102713281
"438",-0.847211030812961,-0.865050196645462,-0.258280850498512,-0.805818652747006,-0.118669093413572
"439",-0.0981537269052263,0.0375574691429195,1.35099579604159,0.287646932121777,-0.379633433029219
"440",1.07207944172182,0.462285707314454,-0.111477042259371,1.36410283485746,2.29652912120352
"441",0.465771548726041,0.468887718675009,2.09546426807957,2.23043621321079,2.36542553158943
"442",0.402701227119066,-0.589199163065551,1.08344655398736,0.870471073432997,1.21388776061647
"443",0.231914314828987,-0.608482905687946,-1.61881534396787,-0.637127898434174,-3.21680295392329
"444",1.41893048582708,1.69923081856891,0.418223729075212,2.46072846378291,0.732718326836266
"445",0.382584421793917,-1.53003944651169,0.939776149997232,0.103475295741857,-0.504105518128274
"446",-2.08297540925298,-1.12009223601502,-0.398923579689647,-0.450389710495385,-2.78699924466421
"447",-1.63305404121519,0.290619997871352,-0.908329345329796,-0.974416491894942,-3.77841924123218
"448",-1.14432744778796,0.923503387832627,1.08762058822602,2.25455519523504,1.94865891553874
"449",1.86534154563549,1.58531084725283,-1.17288082532492,-0.382307443578395,0.778311601706676
"450",-2.80278532461219,-2.23567175384268,1.60345915285061,-1.31230773068386,-3.38489629048309
"451",0.599138975770617,1.01321279322507,-0.301150807644504,1.74327947691382,0.792729498207157
"452",1.2688514867999,1.11130260461705,-0.148063997129911,1.02336377661225,4.23457441184345
"453",-0.127681909871474,-0.066587605613055,0.116927272732046,-0.231598766097485,-0.418898616811971
"454",0.13608759402402,-0.015519313975684,0.243453206096488,-0.317961411531936,-0.588209361375731
"455",1.12592076367475,-1.70269986499789,-0.321211745566331,-1.36459268041031,-2.13983862423126
"456",-1.45171849287296,-2.50724765015758,-0.886145050973235,-2.90843695474623,-3.23967982715207
"457",0.607893464400321,-0.71573926268966,-0.750469410054283,-1.41085543217787,-0.370923248295377
"458",-0.844580832883209,-0.843382458910372,-2.35420862482378,-2.18697262500002,-2.1278978468696
"459",2.03619387016185,1.27125285258535,0.311545409696642,1.31825580146014,0.709283963466806
"460",0.383470954094149,1.03532347428275,1.02967751267043,2.48874033669892,2.03822225387584
"461",-0.633703736127896,-1.57635496756881,-0.239901373524196,-1.31894679943441,-1.51109189150596
"462",0.57619484729479,0.00265964166948518,-2.36536952160154,-1.36347103933302,0.621733367449091
"463",-0.820656858850076,0.33862666326123,-0.265044062132377,1.81281176117465,-0.628476260038394
"464",-1.8390853503419,-0.103517241299364,-0.507602626056814,-0.84618220461696,-2.4352652623471
"465",3.01148768802699,0.852963621283897,-0.136557906006245,0.137048187431541,2.40062843623883
"466",0.591142106850936,-0.0713755990667348,-0.215439748604574,0.0450286368522804,-0.0652623489463531
"467",0.489100728702792,-0.606323910567547,0.683074471069277,-1.22353706892545,2.52409446225237
"468",-0.0231238119493871,-0.302982396646598,1.1275222365006,1.78553752070896,1.40023340518047
"469",1.96247345807729,1.05851964979202,2.17427704657816,3.30887042671316,0.821990736733083
"470",-0.431631142004722,0.927349498920466,-1.71145458438288,-1.5243951205492,-1.59057572636447
"471",-1.67161397851848,1.39243412676385,-0.378662168250938,1.47553505707062,-0.282912333695937
"472",-0.415043172733197,-0.671235919718562,-0.331986077766754,-0.619981733403148,-0.977448615100356
"473",0.287987068226058,-0.83683774741397,-0.102323077881937,0.649687287075934,-0.948152252397915
"474",-0.992802156338455,1.22689541096169,-0.196323853257212,0.906778022925792,-2.37832300234892
"475",-1.70428148704891,-1.54079749350144,0.229504780686943,-2.18326340121421,-3.58391386036961
"476",-1.5998150867373,-2.46803043437075,1.55720018197616,-0.455596570979663,-1.63375314302862
"477",0.290413421718771,0.933604739379981,-0.526961692921763,1.35325891903525,0.721968224127288
"478",-0.454665862044775,-0.302828504335491,-0.559700797048685,-0.545275211303076,-1.76856888936164
"479",-0.691849088340592,0.725922106533908,0.170953042293971,0.776202988623108,-1.2980288546409
"480",1.05382381578387,-1.045550362274,0.0481161160982489,-1.46205065112249,0.212789492678672
"481",1.30184075415709,1.60189993269166,0.663283668161617,1.71806171962468,3.35590573125889
"482",-0.73812282856722,0.714822650860877,0.729374205027468,-0.440307434372198,0.748422361159184
"483",0.241854790705213,1.14423196162371,0.676594382487267,0.783232916064362,-0.2718698308428
"484",1.60784369600683,0.395328670484351,-0.23384814881002,-1.41418765719959,0.801218351700521
"485",-2.26746571157611,-0.443070737580625,0.878911884707917,0.0357548552299005,-0.988116021111702
"486",0.776769774790642,-0.311679629739624,1.33447185075049,0.182141016666999,2.08114036792183
"487",0.178744391516956,-0.811173162358532,-1.74486640807066,-2.65753015951157,-1.7037423554028
"488",-1.30948004021262,1.01051835545379,0.0531837700395209,1.39493139728666,0.0112820919172608
"489",0.432246649176629,0.818095919524108,-0.77772947982057,-1.65743898577147,0.0570352864518665
"490",-0.642992288646139,1.7617677214256,-1.41490727496138,-0.310674272994786,-1.31962448790103
"491",-0.52691574584624,-1.0626287082996,0.239904895327045,0.806107279438037,-1.47590774226008
"492",-0.77629630069933,0.165940579710461,-0.00202613413703293,-1.53302823303063,-0.448309247031681
"493",-0.822163409608582,-1.12809305991664,0.235528495171844,-0.431864654037195,-1.05466682731409
"494",-0.109271569423135,-0.0636925874365747,-0.779818752037897,-0.829563650414634,-1.83355460793556
"495",-0.54896128899434,0.509587843552763,-0.368508065250115,-0.00212520829286381,-0.496903450142334
"496",-0.679731515003722,-0.185952957089487,-1.13022376439354,-1.79001083350782,-0.889214225194096
"497",-0.754699084348363,1.09793630212153,-0.064427172377974,1.61676800903987,1.01666592150887
"498",-0.43688472799488,-1.3630933337945,-0.535443623108817,-1.91671052240342,-2.0950083428103
"499",-0.48901440932506,0.334182123613204,-0.668524382751791,-0.126264149386065,0.165999130721864
"500",1.44230819456667,2.01042524491255,-0.795667074391249,0.161580255336125,3.03900139368038
"501",1.1500578625795,0.37513495757253,0.776654045988665,1.28301289025768,0.115016002912377
"502",-0.736869711920403,-0.0396458680737802,0.997841304483741,0.340407401652149,-0.0349137889906711
"503",0.992108917883716,0.766326566303839,-0.140987990605267,0.330411284945656,1.74968283626964
"504",-0.0419333099409789,1.35467966181624,-1.20432333507978,0.128872926856064,0.186513198010732
"505",-2.2475836807194,-2.12160555715864,-0.202757499270704,-5.48083147968327,-5.47651874961613
"506",-0.552045782026611,2.59920578757153,-1.11637178526274,1.25675739574436,-1.25679227979442
"507",-1.78505048244445,0.280565762526294,-0.860481386380865,-0.882504849554224,-1.7938146898636
"508",0.261600831916629,0.76212534389827,-1.97094841405877,-1.35720419533132,-0.0424137597998787
"509",-0.531196320687653,-1.62720840923187,1.80686011691846,-0.316107243808233,0.80445659232542
"510",-2.37977452207038,-1.89638281063251,0.376180364096623,0.209067986915152,-3.23170079005313
"511",0.732180427121241,0.0330349916621765,0.692331307356576,0.641369354321885,1.70260491495511
"512",-0.819112250647555,-0.22966085245952,-0.433380668752562,1.19413329406801,1.13484412665175
"513",1.67381848698085,0.503761080156682,-0.252457085915843,1.12027264831972,1.14254904005046
"514",0.415513138815789,1.53530784628554,0.567593101137195,1.62743998746927,1.54793615377775
"515",-0.583315293680376,-0.044080014577456,0.261796382478906,-1.12056910471097,-1.38233535908537
"516",0.391865961657106,1.34899241218503,0.465600194854422,1.33015760315267,0.608236865598078
"517",-0.846377427900087,-1.44554939053366,-0.181379871149475,-1.45126951991852,-0.771936377225915
"518",0.937439816660518,1.10644954130079,1.06253712613437,0.330562899108196,2.41970056452186
"519",-0.627734529717572,1.20049929198131,-0.53553316075356,0.894427563062855,-1.19141162557963
"520",-0.901565771358513,0.104379807638348,-0.165683149603912,-0.497581875174394,-2.55371271502126
"521",1.36545978939293,0.56863180538881,0.525224253350417,0.689908751289073,0.266415474109444
"522",0.202691824910812,-0.833811697292087,0.126326748369316,-1.29955913572417,-0.248564649194226
"523",-0.939367608813315,-0.480510323117572,0.340167910311247,-0.0817341068140394,-2.56164350429255
"524",0.493921239801126,-0.951826975273775,-0.0697790978255734,-0.698922020687574,-0.325686046363693
"525",-0.69790940744374,-1.56498624671853,0.477873790462299,-2.67267096735996,-1.90076681793287
"526",-0.381415884664665,1.62869755614203,-0.304958839495533,0.808739901473443,-0.00504274756997246
"527",-0.792650927079376,-0.82399357643926,-0.660500045309674,-0.584878126366211,-0.0437731637138987
"528",1.54595157839091,1.19069549146405,1.46264257819923,1.40319073147057,2.08951219000895
"529",-0.454173580751157,-0.886620071080041,2.39108673014324,2.05316815567233,2.56274051122132
"530",0.888410326543402,2.81309064481131,-0.126365130058748,2.65951803174203,1.73981968535656
"531",2.25328341207312,1.41630684132501,0.215067047953196,0.401544810968147,2.96851730790512
"532",-0.765197738953491,-1.25325514528163,-1.64646584350915,-2.0818949353652,-0.30993537708217
"533",-1.89752722194226,0.536647958245971,0.0492169378973527,-0.250974839936781,-1.66357954018171
"534",0.743465566589186,-0.72920591153863,-0.418145828098308,-1.37570838204205,-0.458936162275916
"535",-1.03514171963855,-0.700344313607344,-0.754088101102583,-1.46538408785364,-3.16817857648954
"536",1.8006270038765,0.301737558541331,1.05069842269856,2.23150844802205,3.65999315276727
"537",0.163365275015013,-0.740856388670652,-0.219354947825469,-0.936758758710436,-1.4623400237286
"538",2.23058397121149,0.169932566118438,0.622664816946684,-0.883996175482227,2.86246848390082
"539",-0.869018607557533,-1.34147930128533,-0.403589842216416,-1.09332108644343,-3.4196701299819
"540",0.936028255455213,1.43066353970818,-0.638290934357035,1.73658364873059,1.78045119643311
"541",0.172194121995977,0.385703640577498,-0.67018219150947,0.403098381386707,0.87607402558929
"542",0.0588158018395956,0.288690050739799,-0.074035347456668,0.0477816874707838,-0.556635074847117
"543",-1.08052510451091,-1.87339788508999,-0.374548717328244,-2.88039077281098,-3.42853893655015
"544",-1.32885993445015,-0.311010447512039,-0.357095436257238,-1.82657384115515,-0.181536189170503
"545",-1.75146682652563,-1.79716575385016,-0.897766418763588,-2.57169559471928,-3.05601791235981
"546",0.0613768133966244,2.29623409141438,-0.353372695354869,0.623964555831432,-0.0119831510967281
"547",1.30398698905762,0.635118649735225,0.824681741996516,1.02667535965354,1.75183403759504
"548",-0.834777493916391,0.467273716188245,-0.0320498253624375,0.630980877359445,-1.46744733724221
"549",-1.06742035925967,-1.57526751026909,0.238387987236228,-0.67566108812368,-3.07776981066895
"550",0.125475519436456,0.754998309546405,1.98084567260424,2.56262952704228,1.82383553730331
"551",0.574416902017235,1.18276831580657,1.41108487614379,1.58846823972023,1.35566720081125
"552",-1.29509804215656,0.0710983399090234,0.559204003011171,0.323268139190302,-3.05511316726835
"553",1.02301817105831,-1.84113204339101,1.09152782701211,1.34410429876217,1.24182523516373
"554",0.727363637038603,-0.250722522400354,1.99961672065315,0.521518814849811,2.75087658308329
"555",-0.214630967451371,0.0871898693226563,-0.671335738632362,-1.1115674300587,-2.56529717415217
"556",0.151284671486964,0.17444060300546,0.940907109433912,0.0781595896659699,-1.47135667324981
"557",-0.463619882270152,0.941601833011468,-0.559969372991857,2.033787938718,1.35732543725939
"558",-0.185000057314235,0.40202138537667,-2.16403425885281,-1.82835713759474,-1.20548734376549
"559",-0.290223979284454,2.29517287078106,-1.25117342900753,-0.0036427811121309,-1.63050475570203
"560",0.80151060859045,-0.281053537665542,0.459519347317334,2.09898497368485,0.761081338748574
"561",2.25588559864145,-0.191281226851145,-0.151218128027873,0.471774997423972,0.134041434943679
"562",-1.20985205791892,-1.68125121422111,-0.988746644553728,-1.09062284144607,-1.58303907625914
"563",-1.00321736428478,0.788777849533888,-0.856907060478807,1.04395099260246,0.144806971406413
"564",-0.476669892926167,-0.626387858981594,0.28014452838191,0.155890203895533,-0.224476923200599
"565",0.922825937063657,0.260038216755785,-0.712143958093359,-1.32071797030601,1.13949486634339
"566",0.732088661311236,0.0490737018380271,-1.43349786910165,-2.36307446235723,-3.08504245341352
"567",-1.3880607795719,-0.589144201810636,1.27586060695473,1.12215271361775,-0.543101453137426
"568",0.0228420283607044,0.741270063946657,-1.03983283667052,-1.51479401785468,-0.934797324004769
"569",1.81108545556335,-0.377709099126741,-0.537799689937523,-1.20196942362706,0.298066651378351
"570",-0.279867426330763,-0.873896008415849,-0.625028346695768,-1.90424126600908,-2.42676842265127
"571",0.294564236094341,-0.840479381163404,0.28378522847745,0.238562733456756,-0.0612579574210222
"572",1.03936425479239,0.0437195456080705,0.924164406272324,1.07531660059217,2.22086888077162
"573",-0.706540717979519,-0.545899516201769,-0.142428271171186,-1.81945284575324,-0.630448514778485
"574",2.34967090198204,1.47747418252053,1.39634262175755,3.75179281590401,4.43494218353193
"575",-0.460625298209985,0.05445632151032,0.0340123512839745,-0.0909782186478701,2.1055063558259
"576",-0.553481043252373,1.8759861042693,-0.0305649720494014,0.488355997625723,-1.18577930452177
"577",-0.219207781222374,-0.595815534921094,-0.616707578964089,-1.59256708708599,-0.552057073669493
"578",-0.303982223913488,0.568259086611303,-0.306508229508128,0.493797929784552,1.0445508454305
"579",-1.35256816164187,-1.17781038370515,-1.2196028480358,-2.96388873984159,-1.76241436959156
"580",0.126175701368713,1.03224484503286,-1.54609687465376,0.221254497742351,0.0291473117024692
"581",-1.60151560158893,-0.59584185314639,0.177951667102087,-0.67840783314738,-2.31932364290327
"582",-2.08843287027714,-0.963241890676856,0.363569210322575,0.500612640965129,-0.296421271210317
"583",-1.03189800562133,-0.117834476280892,0.225432259588272,-0.422346680672414,-2.9665141042966
"584",-1.93891940935759,-1.01304134410425,-0.171802841057387,-0.448739261386337,-1.94871727142211
"585",0.763449269535569,2.32524611955191,1.19692873468756,3.05772224194777,1.4939168960175
"586",-1.0514303220858,1.35665152399359,-0.958377351124384,-1.43306452753498,-0.185259144715861
"587",0.289142393416104,-0.537815763086595,0.661351272313066,0.333923820083802,-0.0898979033690396
"588",0.588187789334291,-0.68730668364965,1.5065686442277,1.46371255234686,1.99474911621737
"589",1.00917551148868,0.00469008542612492,0.562034646886308,1.48089117883837,0.535529604735323
"590",-0.285801993116504,-0.925135640720462,0.0789054464765802,-0.938190426006082,-1.81531430013753
"591",-0.383642675775081,0.280346368109133,-2.12016459971816,-1.97101615688538,-1.67216854892759
"592",-1.27639744933202,-0.556155809255298,-0.0157182008473927,0.25700987787837,-1.34027272961927
"593",0.891158326734878,2.07749589397424,-0.701812258319712,1.81167266480927,2.19225099416963
"594",-0.135661496564794,1.84141531967104,1.998847504885,2.30890988982267,1.36544356158087
"595",-0.0978253659781213,1.03650600206381,0.683089331697244,1.27959203794804,-0.312863693322467
"596",-0.491475212651725,1.52168076905122,1.270205658095,2.13951308451835,2.25664404128565
"597",0.692133991491901,2.55653646017796,-0.853925434407028,1.66885732348266,1.64334102370534
"598",0.0702614078869019,-1.00836540664786,-1.60466554403935,-1.67422099439812,-0.601027330362732
"599",-1.26877279904532,-1.20928827758937,0.443428681375042,-0.10899429017866,-1.61136141588876
"600",-0.234611802934243,-1.25479752559635,0.512326962331655,-0.15407191307064,1.93081765841626
"601",0.0357160051924681,-1.35976356872248,0.968096250887331,-0.671543895783656,-0.952351552507814
"602",0.736385857602704,0.585152977644477,-0.132770837700622,0.4963897503956,-0.00462740679719997
"603",-3.31172375575721,-1.91095305833539,-0.603728104155707,-2.50239223323642,-4.56115467821914
"604",2.1757189326248,1.45064661511081,0.638221590148585,2.24066862662704,2.60234896533045
"605",0.445446372529796,1.06703770551669,0.825557365590352,2.06212546461449,2.09272477548126
"606",1.24470375789232,1.39178929316916,1.42999579633592,2.08983885582242,3.33272489804342
"607",1.34130849148297,1.97981089701047,-0.561272585692479,1.0601660629618,0.924995640690969
"608",-0.570049767729738,0.324891665380761,0.156625366275104,1.195969802791,-0.642299279854072
"609",-0.551609905206726,-0.108792804951239,-0.463165058781691,0.241907643377982,-0.422115100193855
"610",0.344305028700001,-0.529129329338642,-0.0110322778193653,1.65749655140656,1.22859349004478
"611",0.292544609927242,1.76650177385042,1.48781810012243,4.44985690900977,1.3179325842549
"612",-1.53241683592499,0.453413270603841,1.52199769060997,3.02178153109931,-0.122782668482761
"613",-0.708536807465474,-0.295921717910621,0.979824820524472,-0.667572065377096,-0.207641318684714
"614",0.276230299234023,0.0406191768219921,1.32471206556856,0.541444974963004,-0.279232831566032
"615",-0.38759413329592,-0.0516177046917665,-0.0703445298474078,0.636662489488984,-0.256261546645235
"616",-0.187266478036106,0.342480820678684,-0.39852648338841,1.85368139108405,-0.846633742904184
"617",-0.354754263479239,0.433143100855996,-0.317443740044163,-1.01398346086574,-0.415560635670926
"618",0.377553667394678,1.79875831396967,0.0303305022720801,1.79121437940004,0.409900608261414
"619",-0.240527521841249,1.03618438275751,0.0343523323616852,1.00927433426704,-0.479478816647123
"620",-0.14850510109923,-0.578005487756209,0.118254018785748,-0.886449877472506,0.325518737313484
"621",-0.134996103054302,-0.458429291881143,-1.14598840145079,-1.2101040731697,-0.0608794552824192
"622",1.34307050546009,1.41756723100222,0.0150553049381212,1.85320103998697,0.536577496004643
"623",-1.66390447087216,-0.477655708113308,0.763384846084369,-0.803383541847749,-2.6021217501334
"624",-0.416632040888061,1.23695655435873,0.382824035148175,2.24176452017633,-0.332896534488151
"625",-0.171691337785695,-0.247806652339779,-0.597474973913812,-1.20055615483177,-0.274490323474628
"626",1.20432721287932,0.536254447009121,3.05318464601972,5.53314139610877,3.8810654488085
"627",0.132168081612454,0.696319206759727,-0.0168773190895022,1.02662405950793,-0.462582099120862
"628",0.508816766880653,1.29857143017883,1.71079594491068,2.30547336160543,0.729489516190836
"629",-0.334979758977793,0.976838762006935,0.675897059162375,2.18616687717381,0.960465852464317
"630",2.22752602198221,0.362803656543117,-1.37200859524571,0.684340891237868,2.99932484388015
"631",0.234643733793762,-0.264964075029614,-0.783013752366752,-0.880426372696702,0.971208901510487
"632",0.910976803956171,0.484320973170244,0.781760234758287,0.780203331915586,1.33983543979073
"633",-0.645774322135814,-1.00320120942767,-1.32493980450389,-3.16825922465575,-2.17758687042303
"634",-0.295254638972098,-0.415677960288377,0.823538835049161,-0.82162454150436,0.68261804274256
"635",-1.39665993527008,0.29059645556169,0.158342613586949,0.435234509956243,-2.31431917779899
"636",-0.538806024928046,0.516410391809379,3.22175192877183,5.44073486053581,1.6810054142792
"637",0.593535720386436,-1.77840060725754,-3.2091207871723,-6.35931510983351,-2.83757444733164
"638",0.359135733785301,0.171868773829968,0.617564592148303,-0.128902473475494,0.256278003819062
"639",0.713956332621532,-0.130364370310419,0.509937007547331,-0.533571076121045,0.651465343495401
"640",-0.22629944569342,-0.336160265321791,0.597944511761237,0.406531467545089,0.182006405406718
"641",-1.32204855992239,1.02172973883057,0.701988734040631,0.169843759128202,0.167902043661137
"642",0.545886459609097,-0.368280607381016,-1.08696382929869,-1.08970678218377,-0.529324623838062
"643",0.3493814441375,-1.2147233662875,-0.275225399315775,-1.87591243587679,0.604372536221066
"644",-0.506193159893238,-0.156272108720647,0.810098049724737,1.32440582306349,1.13100945070998
"645",0.620005306960279,-1.51234641645635,0.328963742331875,-0.444379333544922,2.24497781934984
"646",0.135592661340636,-1.7344851709947,0.966189561882492,-0.870883308407699,-1.27717927527571
"647",-0.528641468206495,-1.17116205084457,-0.920404978897919,-1.63932949239369,-2.14585972089022
"648",2.46699115036273,1.96209252342973,-1.39169916996531,2.29308723852062,3.02122942515021
"649",0.087916177850734,2.27270669062787,0.960404623716783,2.8182942997806,0.798309197915028
"650",-1.13503062975183,-0.290171090601586,-0.487798894043569,-0.315199046255332,0.247769875973088
"651",-1.94332907730626,-1.46147051576745,-0.420992633242947,-2.02284201161062,-3.27319775667587
"652",0.51754053614925,1.4181684005684,1.44433294717589,4.43091542819479,1.01607980171429
"653",-0.199881729600908,-2.60233346854938,-1.22878180843003,-2.78879639369517,0.284071009731605
"654",0.0402547132793493,0.131030210449722,0.472505284779075,-0.436279659628249,-1.13542584288028
"655",1.23156451800332,2.11488184043257,0.824511559252956,2.29698933592916,0.31777448053481
"656",0.685875095281045,0.863721174327079,0.75238798715898,1.50601116894262,1.80839382943661
"657",-2.64584235875515,-0.709490354650967,0.669071260634533,0.860620524709956,-3.66376182193374
"658",-0.531445197936823,-0.844038029934213,0.234047104300668,-0.632207296953353,0.517668076320078
"659",-0.173433697929659,-0.464847998661395,-0.473510835172915,-0.702101455929017,-1.08715562365614
"660",1.77263572539123,2.55038964396462,0.401984699290923,3.19967893755702,3.81809254311387
"661",0.215379548139802,0.121163434290758,0.268329018540991,-0.214848776784038,-0.204787668527445
"662",0.726114262902687,-0.0737168362570461,1.48506104186721,0.264179984810653,0.373056701927155
"663",-0.741648562890828,-0.558324941079294,0.782565850322599,1.7436097567279,1.58078297702529
"664",0.659133883684338,0.385582909631739,0.865213982625444,2.19035767314787,1.53982181536092
"665",1.75525687961135,1.61846351314724,1.11227070985463,2.06191259214977,1.44913091784909
"666",0.52021526100914,0.917323960401314,0.12717165081044,0.571615860678834,0.64834255731009
"667",-0.831324952674042,-0.567786209012468,0.0113330333965152,-1.78598122518627,-0.683173739972767
"668",-0.292007849799934,0.391987907489208,-1.25839190586973,-1.69065166737924,-1.58622661848768
"669",0.00595034882555086,-0.12211356383292,0.629614911072078,1.63788479744228,0.327781550835019
"670",-1.88114099911929,-1.29415689063887,1.68638037017877,0.225928922094672,-2.39601583351248
"671",-1.78488626036479,-1.43995770373269,-0.402519868455226,-1.85169803972472,-2.92533058099228
"672",-0.222823436901241,0.760446220868682,0.752772193175649,1.65669022257221,1.05120174769648
"673",1.34783647205897,0.791921501416746,0.138888446384879,0.519417012064703,2.38902520307361
"674",-1.33158066676703,-0.113137920476286,-0.767318044562233,-0.369328037154972,-2.37991593007938
"675",1.53547764990087,0.797492038046693,-0.541448973057685,1.15196776255953,1.97897527802819
"676",0.228272945901392,-1.72304422542212,0.230476990267964,-0.172472602450249,-0.110203383374717
"677",0.384973690282121,1.14720925579736,1.75834336972328,3.82615310075094,2.48180755310758
"678",-0.640042892949442,0.538941051178512,0.185325168545449,0.770751785466857,0.0698491492351546
"679",-0.209955110883227,0.611439413007051,1.77667880037494,3.19037305906387,1.44906474971326
"680",0.148200809719123,-0.147392309894006,0.983034549554671,0.822975643375931,0.794700039437105
"681",-1.43694094533639,-0.101995433913226,0.269344928940642,0.952890315302544,-1.65671321643784
"682",-0.553502882062354,0.177700313537119,0.766913602817411,0.4791905430428,-0.480071581147728
"683",-0.897309636168321,0.87565285018946,-0.0245658715939875,1.30377909769334,-1.12156796243174
"684",-1.38566573169555,1.56014364359528,0.120978340241798,2.93160734081832,-0.497135060020868
"685",0.327553459409115,1.2226399585383,0.225596258398328,3.22563942442524,0.804846323589323
"686",-1.78612321493213,-2.14132266993015,-0.284410608479078,-2.78421103102508,-3.68586519479307
"687",-0.884114833647017,-0.893847377593213,1.19588046447468,-0.411239172982036,-1.23414943964604
"688",-0.120142085269035,-0.648277301925506,-0.331682522006178,0.0435348386554685,0.259777621245456
"689",-0.34744122512008,0.857077081717734,-0.601829473720903,0.333469352345664,0.219625941697841
"690",0.176374384280573,-0.560027033829346,-0.55064162806042,-0.118908722127992,1.39562785466717
"691",-1.22645169861852,-1.42720435078459,1.63183484547367,-0.587200189858795,-1.35084779940641
"692",-0.411516739684831,1.72107571675518,-0.832736229719556,-0.406702601041504,-1.14598106273908
"693",-0.491620773919751,-1.21701823962198,-1.49413426056497,-2.87348905043638,-2.33700032247535
"694",-0.884803952522409,-0.201596446164633,0.244295375174095,1.0247891917558,0.365081038403298
"695",2.31682478330582,1.42835524264552,-0.0796145561577812,1.6838556570596,2.42227544313024
"696",-0.334970420429107,0.255859917592243,-0.970335663428203,-1.16365098889221,0.0896847015829745
"697",0.510339527904236,0.803644238434489,0.215909951299612,2.46200268379278,1.7274460206168
"698",0.083052662191436,-0.976006400788656,1.674206040053,0.626204065187871,-0.468426626864286
"699",0.108230045522245,-1.52290124881871,0.680872603189643,1.78158338248623,0.0741645964531535
"700",0.134828627548398,-0.260801143522269,0.230006127987098,0.470933768687067,-1.76434174725575
"701",0.862346882894626,-2.1537884039078,-1.59236718499429,-2.4071288206736,-1.38655499105991
"702",0.772784170682721,0.420100683155875,0.898346710713615,0.748443615874683,1.6693879524508
"703",0.851338429375494,0.122712101704177,0.151320601335637,0.0999938570288122,1.50946363065026
"704",0.218077221680021,0.715355630385889,-2.08988302640253,-2.01726556179916,-2.66261954494443
"705",2.4175779437594,0.755830371280249,0.93219406180635,0.981914986364082,2.0721666680386
"706",1.12589360262048,2.03652535353392,-0.368333547478097,3.43492845225151,0.431780701675684
"707",0.805343759964434,-0.558643571202307,-1.74412569213076,-1.35677861509161,0.17671794724591
"708",0.389203116961326,-1.48350141714894,0.0489961746082191,-0.765900727634849,-0.820696747550672
"709",-0.691554502703731,-0.0801478654084914,0.628616694584867,-0.567421403630151,-1.64687999698202
"710",-0.366191348004505,0.429848069230473,-0.321228583806058,0.11923468566692,0.484992922355464
"711",-0.813191133072836,0.0174501536323854,-0.055829441038236,1.09489159565959,1.04851860929768
"712",0.336363854786844,0.127242621437669,-0.684549919597869,0.180201097772314,0.515026580392814
"713",-0.34112085778853,2.68232082863666,0.279507995981251,2.7527632639439,0.18466963410708
"714",-0.985640449623678,-1.42254177229666,0.445459981203332,-1.43920254257983,-1.14260145652966
"715",0.182890472502672,-0.375798029817267,-0.362496280980962,-2.18936651466846,-0.697186548163986
"716",-0.0244253999669769,-0.452168828529698,-0.0403825147585197,-0.368240724611668,-0.637601495800886
"717",-0.055614181661346,0.465429289700897,0.187360145053024,1.12369574974843,-0.825747023329639
"718",1.10805968607992,0.318624942400607,1.83485151035825,1.1455347979676,2.29264544847744
"719",0.940808046125177,0.696016808853305,-0.971737566640933,-1.67568545252542,-0.741489050436739
"720",-1.72492130427565,-1.63053470287673,-1.44097268633121,-2.66576314974548,-2.87840315733489
"721",0.852358936244373,-0.759298897084234,-0.561044902081717,-1.57813393148502,-0.192132100858452
"722",0.309019685210517,1.44036738153002,0.49277765365575,3.27133667216407,1.5029359646194
"723",-1.32024962533984,-0.772983740741204,-0.557683869868464,-0.640375748053438,-0.0286185289426499
"724",-1.03027991003646,-1.10685885854451,-0.524756121525498,0.214192272019475,-1.62225288542711
"725",0.337263575620205,1.81572679817311,-0.577282195808352,2.0509176940041,-0.0179607025318236
"726",-0.430869230180949,1.93255544600775,-1.20344529792723,-0.568661694177482,1.03978607924726
"727",0.781512995232459,0.730873936166028,-0.569339513075598,-1.23418543924206,-0.572352517976814
"728",-1.19769877091766,0.0098487313640726,0.902739947159161,1.02716980049036,-1.52567329899287
"729",-0.653610688305001,1.08811807504625,0.899745199767638,2.32047965934486,2.48315205822657
"730",-0.993700087684079,0.383632828042736,-0.103123958834719,-0.241015161515336,-2.38013482629513
"731",-0.172628468082607,1.03355691367279,-0.547876277630338,0.229254623520544,-0.599663828844834
"732",-1.71348649568126,-1.32352543836944,1.00261277773536,1.35062696651551,-1.13025005582674
"733",1.08133346818045,-1.28461057759011,-2.76254751312046,-3.90962909011073,-1.29442656916646
"734",-1.35263179178564,1.47101434169469,-0.774823257125473,0.448232859366723,-1.25815454298146
"735",-0.0400657628728863,-0.665632869984677,0.0954988192929826,-0.309973935217415,1.07158163581464
"736",0.390914918073625,2.07914903384743,-1.37157251763205,-1.28470628909864,-0.806458610155018
"737",0.130091025316225,-0.706658813363282,-1.63858041918777,-3.67473372188354,0.499865959399493
"738",-0.58620380100286,1.04294557619337,-0.759910529879965,0.495437097017651,-0.996316350859261
"739",-0.167528439560972,1.72692178701641,0.624400981969499,2.79437247364163,2.6777234319873
"740",1.15582109367201,2.62286390083637,0.544798504748634,1.85441966045551,1.99161467798246
"741",0.242825562242668,-0.2714734423471,-0.323407066758546,-1.38453341273549,0.0856657588474515
"742",-0.791063321193509,1.46592297093685,-0.580844575723544,0.574018055611898,-0.466306468708505
"743",0.853634990570871,0.455187853435078,-0.237300919516134,-0.495114130941044,1.48353650711406
"744",0.81373451152602,-0.487340238214354,-0.474033851103745,-2.69400133310602,-1.01505359034899
"745",1.65276022910359,0.939987540688516,-0.630045671991901,2.92657957270736,3.29469896304586
"746",0.922500236586916,-0.0516786434271104,0.0205438651276179,0.842528264290975,1.90481447708114
"747",-1.35735255365362,-0.618386902974886,0.504138799177088,-0.313666120862395,-0.102329897133146
"748",0.0402258557918818,-0.392842659121597,-0.833012705835434,-0.443889811409757,-0.647796350656887
"749",1.88822251632067,2.09420801544507,0.50710288725718,2.93886109616539,2.87226645780193
"750",-0.314391919627688,-2.0060495846361,-1.08630424492106,-2.42133317866121,-1.43031371674527
"751",0.773035652463952,-0.316735520989634,0.598915257926472,-0.584596282531604,0.468619103363386
"752",1.59089434761143,0.481553559478647,0.561823949950134,0.518051975700271,1.72776991652059
"753",-0.434074052414554,-0.315347290731639,0.519416668630223,-0.722480083963454,0.237544475536226
"754",1.84823383594252,0.710754571224106,-0.0861504423343432,-0.286233200260872,-0.94043293308448
"755",-0.372350133891466,-0.0711269209188722,0.58200106713939,0.0304431236314923,0.901442611554987
"756",-0.156404840975327,0.908366847786805,-0.273070938116437,0.281234322694933,0.842823655790973
"757",-1.67170760780319,0.464203015848348,0.448379379660627,-0.341012228809997,-2.31980654626377
"758",-1.25291777819994,-0.817065383537249,-0.814275187857234,-1.66961600524683,-1.26033270223652
"759",0.0366112427479297,-1.33532340289507,-2.32782776909069,-1.59823473033972,-1.02344394130324
"760",-0.704581444916254,-1.36582381689695,-0.0881064337059437,-0.904764398218268,-1.69582079795359
"761",0.800722753868215,1.39327366490307,-0.447834573680824,1.09318818693739,0.831520929609716
"762",-0.00165828530065421,-1.16321678068952,0.303777182880449,1.28299492480603,0.847276043678978
"763",-0.589148935026194,-1.34465488230788,-0.331492929141448,-3.21018772995934,-1.43225414660643
"764",-2.81976433549635,-1.20738748033903,-0.887441027217465,-1.50630774459563,-4.55469468827034
"765",0.352201312729422,-0.127122588952936,0.583363874733298,0.947034520487724,1.50360350331162
"766",0.503563714507126,-0.123383991123324,-1.36790755575885,-2.33576978286498,-2.1214513065203
"767",-1.46497160112955,-0.151486723599604,1.12041733587884,0.302518628077623,0.326187018255548
"768",0.469809107907197,-0.741162585919031,-0.185207240849646,-1.30588154381056,-0.191656662885874
"769",1.18720755924013,1.25289917663004,-1.53372211788334,0.442672610417158,0.597417460856112
"770",-0.352451107291162,0.666970221200501,-2.07955614373269,-2.58194318882149,-2.20225622727632
"771",0.601515917119993,1.42725125083763,1.3982277506967,2.86800773325673,2.57736827482837
"772",-1.03410255234084,-0.86322969464538,-0.137230157083254,-2.35698975002341,-1.78710704279082
"773",-0.694583095367847,-0.0860510934660653,-0.164620909579532,0.128595940559188,-1.38736434491845
"774",-1.53916217645297,-0.95052941443655,0.344758591880077,-1.4324788917242,-1.62608746199936
"775",-1.06941318939492,0.626354109475017,-0.207709014499133,1.33283556619026,-0.63789286558852
"776",1.70687737721578,0.0660752432553977,0.625903865927841,1.80374599476841,2.77902172837312
"777",0.453691915412406,-0.726930153430856,0.564266610368217,0.809768206668359,1.81075940358978
"778",0.105563949885793,-0.414800762685513,0.495137820104053,1.91678810419761,1.20887588960683
"779",0.445425939144031,-1.09943987420437,-0.432457378001124,-0.914543512953007,-1.07499843459659
"780",-0.298859028649911,-0.743443575978919,1.31714693419394,-1.36263743549283,-1.32683228578196
"781",-1.52139691860954,-1.42490245196313,0.758946135728257,-1.5297050102286,-2.95157875154329
"782",1.68753568272243,1.77311365595009,-0.142614173678336,3.2795470532086,3.22200794995154
"783",-0.546814853944755,-0.557554300008892,1.20639645705613,0.48677808807302,0.770425949905346
"784",-0.0142087480172766,0.116732432222531,-0.0803406917612063,0.244091041242519,-0.634939668625333
"785",-0.586346333710836,0.638229506781009,2.46288415392817,3.90745430845612,0.224471090541243
"786",0.245923185774316,0.745695639719158,0.553523690885613,0.141172593896823,0.00192140774149668
"787",0.894235345476913,1.59871188295413,2.03139335223532,4.70484327139812,3.98795809329347
"788",-0.656435236030184,0.377727057991087,1.75824350560546,-0.212053058175468,-0.47835563333142
"789",-0.975843624396978,-0.58750459204543,0.918595182120197,-0.272019221159378,-0.240333945796784
"790",0.907860356587729,-0.174145516528664,-1.43709643618822,-3.00228858435645,0.475880802939339
"791",-1.16852198260636,0.0440015258746532,0.858632045769889,0.341158257734027,0.18329519696593
"792",-0.179740286065115,1.31724024777927,1.34200549301325,1.56944222933722,2.30385104697575
"793",0.489041205351589,0.139064202628624,1.59271814660382,1.10661458114381,0.336241575822537
"794",0.971538620828635,1.40655802597288,-1.12127279217489,1.27791466415979,2.62745497864671
"795",1.30359712759311,0.4505381421774,0.452042844840258,0.462450934695501,-0.205217610640122
"796",1.06435047524976,1.34651716497198,1.77562185651554,5.43597839247309,2.45417105716335
"797",0.433338043808535,-1.17007884344607,-0.751869195167423,-2.14371635471162,-0.0961218350884521
"798",-0.0902984985494055,-0.679740024721164,-0.383942374319083,-1.11997335092809,-0.524369063633552
"799",-1.76991591182689,-0.445706204502725,-0.581813149310921,-0.933190316892632,-3.30313070803606
"800",-0.375261250996811,-0.249729176762616,0.947392391839222,-0.636888027894108,-1.29496316239
"801",-1.00208937983354,-1.92807381619589,-1.24661125968704,-1.98843647751565,-1.48645008334062
"802",-0.251665548737578,0.926007675266649,-1.30182803599996,0.645275207175377,0.0152660257020776
"803",-0.616124429545172,-0.262345242893628,1.46283933322268,1.27784703834101,1.32166403232205
"804",-0.0364914826060177,0.497425122819124,1.03055794082704,1.36007749004887,0.109239311144217
"805",-0.0758119335793139,-1.1922785017163,0.388836328631825,-1.61433218218281,-1.94786809132766
"806",-0.175430873563938,-1.27832173639297,-0.451422229201838,-3.36996135940046,-1.28348838992019
"807",0.69774887878097,0.171895040986343,-1.22542098647027,-1.15131326930792,-0.71437890187741
"808",1.72920557303997,-0.970127906302241,1.23095467205233,0.013239200044462,0.323684805463729
"809",0.502106839585318,1.52603015263929,1.03884221456581,2.25530623290739,1.97768046604596
"810",-0.586170153899868,0.625538962796005,0.475297049267176,0.82151101269772,1.00870439755527
"811",-0.233911781504232,0.40589160125151,0.300862715684138,0.0435027251963307,-1.14608696394354
"812",0.666421596421015,0.134964782599882,-0.0564189808528536,-1.27038235937775,1.1542120380941
"813",1.02238661231756,-0.613777260798421,-0.710019998501252,-1.18449735129614,-0.104425471895306
"814",3.61899097763704,2.18405772386711,-1.42742338078463,2.19967483288976,3.22219782289362
"815",-0.128023130936644,0.342139832769053,1.55448442272371,3.88992560656492,2.09862767868224
"816",0.40326714609744,0.236497550437608,-1.54170258721505,-1.15378677423769,-0.606574913839335
"817",0.258519722744895,-2.44218935663189,0.526774210019961,-0.81891598821798,0.621717071483465
"818",0.435209937783633,-1.34758056240706,-0.211225534954122,-3.09340536690582,-1.4315423158121
"819",0.882109871592933,-1.24338388365313,-1.0872935141471,-2.66217752052436,-1.53493060484455
"820",0.112714886562723,-1.07333760796238,0.272518958241178,0.268408199057809,-0.23275293640582
"821",-2.10209896230373,-1.67273535400092,0.882925631017758,-0.30163443661703,-2.56931888508116
"822",1.64043827360375,1.21163921360873,-0.309658458639352,0.873525443049788,2.15721007486241
"823",1.75819856590595,0.431386998427121,1.43324877187248,1.41501475067578,1.72502740773728
"824",-0.282139332060669,0.353913532538089,-0.385745767787293,-0.0181041264694817,-0.0652113181518761
"825",1.67253154478709,1.23272802784405,0.150841667469134,0.626932532596572,2.38238382008359
"826",2.1590398227523,0.654222759134545,1.28523135633909,2.98367709621089,3.76748062741537
"827",0.420624544017961,-1.68603291101785,-0.0345209455142218,-1.47562657104,-0.549599193894494
"828",3.01049999192384,0.219654684812876,0.878656360573106,0.15809051885561,1.78508738589992
"829",-1.79707499642821,0.930260627909343,-0.788857393784294,-0.215745636995793,-0.274552032266568
"830",0.726816587645654,3.1551398753056,1.52800155578768,4.07188860713617,3.5457104757995
"831",-0.51977941436523,-0.832309093441758,-0.637833140454661,-2.43664292074627,-1.60367945861071
"832",-2.15419171649263,-1.4004048805431,0.0700964245327432,-0.808812603859208,-2.28165948968471
"833",0.527344409010375,-0.304806794132346,2.62658084181525,2.02308306301417,0.831196665612852
"834",0.27328954393742,-2.45559403078439,-0.300009860737255,-1.60415169031672,-1.57147356255192
"835",2.50413663214924,0.971050287267198,-0.961082580385246,1.4021081490474,2.00867227678286
"836",0.691701259769026,0.139225001983137,0.754752562855213,-0.678338332585015,-1.40251918916917
"837",0.421450956463599,-0.586661184249051,0.256301604496135,-1.78066462518718,-1.04346512299142
"838",-0.489686673997481,-1.82886302408476,0.657174475604735,-1.2858283188467,0.949495448126152
"839",0.385280509080046,1.35539073361037,0.118337518178568,0.61425616963136,0.770776634746538
"840",1.71527082166281,-0.302780192142252,-0.490759274085341,-0.292283528377127,1.40251873079013
"841",-1.59752717241627,-0.241368724362929,0.0633330656948632,0.804630268134309,-0.049886548742502
"842",-0.970491353550755,-0.0724817745069876,1.29003181742112,0.532528512089495,-0.512642845241314
"843",-0.588603711318913,-0.0951160234305223,0.233847516548584,-0.372845567600908,0.262420495417459
"844",0.791057487943006,-0.653889979145385,-0.104862465692584,-1.88975357114658,-0.619321332741964
"845",-1.87194054066231,0.571599964025235,1.20933442743205,1.01718085549319,-2.4741771102151
"846",0.221990131915813,1.95142159535508,1.16616394442728,3.8063001057956,1.97724860615468
"847",1.73139115662758,1.11510535339311,1.00716726507674,1.50307225432598,2.41340898976533
"848",-1.47939253605296,-0.542284900461836,-0.458860267697402,-0.656885616052258,-0.831946552349556
"849",-0.451104396925523,-0.279994025999562,-0.447447593459432,-2.21631679047232,-0.665490000325794
"850",-0.556024490801515,-0.176882094639662,0.512915340791692,0.415403034950597,0.163936208813625
"851",-1.41734306216442,-0.0175261673224958,-0.971496882001512,-1.1915602866141,-1.71208222361201
"852",0.650435299441153,2.35575678567576,-2.08800965322926,1.08387115122493,1.04316048847765
"853",-2.21025867015731,0.785471509615415,1.32520076452602,2.65985804505035,-0.635130862322158
"854",2.51977712788174,1.72586631505868,0.142136448721222,0.6044421006615,2.4983946873389
"855",-0.529436965246535,-0.085274780062613,0.449818562596853,1.2160421357462,-1.12202992698144
"856",-1.15638655749683,-0.715905474132248,-1.36010132001385,-0.30245169704805,-0.0383175772495687
"857",-0.394392770409848,0.419665271650296,-0.212592103295361,0.519749671406216,0.446818987315123
"858",-0.449852511857016,-0.67077176596945,-0.76575091034179,-2.1202269452364,-2.40816569309821
"859",0.381935903318177,0.13783319519797,0.567213359706339,-0.467288481373595,1.39177253899689
"860",-0.447188028997254,1.23481178280879,-0.394495198985353,-0.59454372215271,-1.98641827351912
"861",-1.00162581247868,-3.23947720518677,-0.0522798441299148,-3.38291626608443,-3.52835365657389
"862",-0.51455618227327,-1.15326139970772,0.813748764191433,0.0554207200876174,-0.486385499660703
"863",0.505574579934722,1.38949433679352,0.900087548119398,3.01959623220504,2.34048791513435
"864",-0.702814611236659,-1.35372851665648,0.449587384610541,0.239377139132242,-1.80497185816425
"865",-1.6108951909695,0.799685259880552,0.220848803801097,2.9736402478803,-0.227206730513359
"866",0.490529756155101,0.0397278453038913,-0.112295334453801,0.261091134154211,0.252418968592068
"867",-0.171051554923209,-0.352173189685641,-0.0568372039506872,0.531995939626203,0.490300824313336
"868",-1.42635936406075,-0.998848885516379,-0.0683443721759478,-0.894294884102536,-2.74821274519236
"869",0.0969518052316655,-0.26104330119397,0.57207783770239,-0.39754110731082,-0.0894257778836092
"870",0.73224395196397,-0.354560516451526,-0.891197988487237,-0.947187084843278,-0.229424423129524
"871",-0.819689077197192,-1.98710238429128,0.894654069431439,-1.34921760405424,-1.00736255585587
"872",0.253331860484852,0.221678022188445,0.158411414228781,0.597521986902007,1.25054471680951
"873",-1.4292745414335,-0.33816876396247,-0.212483097154785,-0.0542774453269365,0.600930332255692
"874",1.30607902808043,1.38068582265208,2.50419705558488,2.36376685411653,1.33116027934548
"875",0.150857833875745,-1.67169560345037,2.01336865598434,-0.654454123042526,0.370456970562995
"876",-0.217694622552094,-1.31719458076799,-1.07033624349635,-2.73988210012715,-1.0216371749349
"877",-2.23715195645996,-0.939886552194128,0.965057326530683,0.106740141220045,-0.570879968557574
"878",0.0558255703733438,0.849359473641513,-0.694671707860794,0.540743965811474,-0.797762487829697
"879",-1.09296279388815,-1.83181315364798,0.323480518217252,-2.08712335629423,-1.84209571072906
"880",-0.899332141448309,0.142977298602376,0.184617867394075,0.61674016719368,-0.420398428284278
"881",1.88176420189443,0.62554744452134,0.230962964507448,1.25780504912199,0.908914841721091
"882",-0.472848032317626,-0.149094022321889,1.95748416737655,1.9613638851012,0.298947039492946
"883",0.495151483672159,0.302548567334175,0.517850285262134,1.73946809686956,1.1260816771523
"884",-0.36899766261276,-0.90415042655637,0.952836401789216,-0.852659009068684,-0.446034882729995
"885",1.14793539171665,1.33334026151778,-0.822268722909445,-1.36553012598653,-0.372223439257517
"886",0.0950021534404181,0.53432826808897,-0.509793141792073,1.59328696270815,-0.237708786322084
"887",-1.90163065543042,0.20818725179117,2.07298781314525,2.02254873536114,0.27394181142081
"888",1.63729506099253,0.550939648663318,0.494277250124658,0.1923102957166,2.44221853535036
"889",-1.81650792341111,-1.36894553925332,-0.0875410823779282,-2.73356095384707,-3.24325557892077
"890",-1.83714321516178,-0.918367567454044,0.0286642216356685,-1.80159688308476,-1.17815916687237
"891",-1.63710496044406,0.183070897655416,0.464566347210447,1.81667471037988,0.33381252866052
"892",-1.29746597229169,1.92405897409986,0.331785898909216,1.71887396864489,-0.633544837539714
"893",0.0811000694278244,-1.25118358395101,1.22153296158534,-1.38692278912429,-0.09332924788176
"894",1.67981721941894,0.324398671474826,-0.0957888702630197,0.569041868826793,1.894602643209
"895",-0.518032733852379,-0.659119134878565,-0.46609415984624,-1.90945407039606,-0.0983062478374526
"896",-0.81521445643018,-0.769384296425747,-0.669161990731408,-1.00028300578044,-1.8478697610785
"897",0.301115520042136,1.31699351828416,0.818599020224373,2.1515262308341,2.43043001214943
"898",-1.14405791057506,-0.356411777279144,0.149050985557505,-1.9540880283706,0.0883169215996458
"899",1.07188475008129,0.223213633710992,-1.29145549239023,-2.32113670886108,-0.441848066369697
"900",1.33692153321344,0.428181964429994,-0.446637543222153,0.0386824073587986,1.3683597939413
"901",1.20834377294738,0.838621447741918,-0.836235583614023,-1.50193115493775,1.55127572798587
"902",-0.160361988086989,-2.86542806512225,-0.813834948140087,-1.20450598115325,-0.114670931852434
"903",-1.4896803403092,-1.94069482047879,-0.0619400432951766,-2.47364513810862,0.511658564103239
"904",-0.309672693722086,0.140028834782241,1.50698593902174,1.31294611229751,0.436399048894299
"905",-0.724204329162338,-0.23234820655175,-0.818425562351161,-1.10640780543446,-1.10429824508449
"906",-1.21855791240704,0.119175160459096,0.301964001471478,2.89822391280534,-0.471929165191042
"907",0.437638356735989,0.36979322339307,1.26804377361692,2.37631165838792,0.828865835747845
"908",0.788718140450307,0.65326626316394,-0.0356072062088691,-0.920606810731534,2.13955167520137
"909",-0.384246448634846,-0.505661482230175,-0.951982612110269,-2.60284142362488,-3.05888674356848
"910",-1.89683285522862,0.83584180181998,-0.961078379125038,0.758507770608997,-0.493652659304018
"911",0.296181745820683,1.58075160767607,0.0111899957420946,0.431836867180971,0.931484098660376
"912",-0.42113672418252,-0.315707852629734,0.834690806735783,1.03646902167439,0.295695917088507
"913",-0.304567190719691,0.416570796921861,-0.77841441184978,-2.01678719936091,-2.44591932736432
"914",-1.47211593652337,-1.35991527919704,-0.56732003305923,-1.72534465846754,-2.27153269603351
"915",-1.04125110948437,-0.434548717083085,-0.997591638928433,-0.70172569162192,-1.02546836145502
"916",-0.411693849337219,0.415670509998858,-1.08737736465108,-0.668939774366385,-3.53038036013812
"917",1.73731908185357,1.03107600121608,1.51725798317117,3.23380678194308,2.116263564931
"918",0.029374938681886,0.623071734010936,-0.030639097815994,1.59101266687789,1.36479147669109
"919",1.5556449938139,0.0554616265539422,-1.8384697473513,-1.7493370321119,-0.829568976168316
"920",-1.05626529846981,1.26818362625707,0.899843952513114,2.75344970228435,0.102424504175175
"921",-0.233115499233358,1.21041910137655,-0.602249284166893,-0.536258453104794,-0.0446277164414151
"922",0.798925371158539,1.17363905569229,-0.50564355257477,1.06738097665563,0.923490903768243
"923",-0.555713888633522,-0.381224723407689,-1.09066360309742,-3.6044076404509,-1.90079187257268
"924",0.963471384870662,1.64852537825187,-0.0946830626084514,1.86819696849004,0.177885087497379
"925",-0.516668972525408,-1.58237621343263,-0.42344051914158,-1.63370198375686,-1.56296767003011
"926",0.536174304931142,0.244198323312325,0.256366218730755,0.889119542409782,1.6709494928302
"927",-0.015762605155931,-0.146442955525571,-1.02330350306897,-0.476249198144446,-1.52860573018207
"928",-1.23678793824422,-0.304560217660996,0.962096747230126,0.689838600491094,0.739275787473979
"929",0.169737347892708,-0.128077582966668,0.133602039391831,0.0312732727204373,0.754640781878363
"930",-0.0844866590350959,0.277828404493248,-0.621665004304558,-0.968352130617778,-0.780180133695616
"931",0.437331897166987,0.527750844807733,0.0871882825875268,1.37940816606934,0.353573037726327
"932",2.32790958132139,-0.143697111247159,-0.062875374442969,-1.29770631815199,2.46432561484543
"933",1.36018168608101,1.10048624470475,0.71952571208029,4.19426951006114,3.57504411294058
"934",-0.183196533125259,0.504943266602447,0.809363507674489,1.26581093291572,0.217677168279538
"935",0.450326348089187,0.480650625414513,0.13485193942919,-2.12612574994105,-1.9976285787345
"936",0.519810188140122,-0.401935510830244,-0.172556173528325,-1.33004144735851,0.470708567704323
"937",1.20861352294588,0.472224054150645,0.193295343296342,0.247143133307191,0.56241094133235
"938",-0.969671778687169,0.751245734699442,2.16035581388125,2.97133343238512,2.59288683161527
"939",-0.364929730119472,-0.274929181507639,-0.7899153864442,1.90995403003664,0.271962552473462
"940",0.950521171363274,0.163834685670335,-1.34089308641342,-3.10749969412158,-0.919145467184934
"941",0.900060418043538,0.831168139581697,-0.199153079593697,1.37535054570304,1.08012242184619
"942",-1.93394947115501,0.191700079969288,-0.863393116299783,0.0414251281216729,-1.44891345397697
"943",-0.416881818040441,1.12283789563535,0.586832191953403,1.48116517686805,1.2404342589627
"944",0.290134504673203,-0.98965736703698,0.483409637940445,-1.3670395705003,-0.63183864091272
"945",0.218646759451223,0.837992407094649,2.33108444382665,3.74314721686339,1.74314053750341
"946",-0.38029582366847,0.35915686019253,-1.37551266722696,0.0544785956593132,-0.139757355588693
"947",0.950981531232818,0.48577336752197,-0.419615549999411,0.442531274959778,0.248039843141937
"948",0.829480502905164,0.06226533410995,-1.24918468707262,0.780736283509485,1.80680282794568
"949",0.790976961320613,0.202023295710049,1.80785441396441,3.25444261798488,0.0359866780226179
"950",1.59512180205094,0.301611733988958,1.38800925330533,2.46796800004057,1.61183928289844
"951",0.421115724878909,2.31931884204078,0.448176891521194,2.63587276271525,2.163072319318
"952",-0.72345030755416,-0.567881181684939,-1.28070359847963,-2.32927808088066,-1.33280077248453
"953",0.369118839899131,-0.692003581011057,-0.45946036080931,-0.425915958247983,1.45205631051777
"954",1.91580492789041,0.889244856394967,-0.221955618717026,-0.251079465455015,2.86372973866715
"955",-0.540928877105803,0.105308791922324,0.227524138078233,-1.32123955796742,-1.83981779671735
"956",-1.57100228100999,-1.57307109618947,1.63794360526828,-1.53575543496399,-2.59255416011831
"957",-0.112413540074966,0.20072361389232,-0.411550054289021,-0.315705647830648,-2.17273358103012
"958",-0.949717654016574,-0.684222873911399,0.574761873029493,1.35098162762997,-0.429747101352359
"959",-0.190107040431797,0.0929963088997403,-1.37391590979487,-1.94204335327339,-1.45836619002638
"960",0.632892792407474,0.434304660554867,-0.132830750916626,1.38195700008726,1.01274601381481
"961",0.752051194878652,2.07803724004085,-0.513807457189765,0.102247700652592,-0.477459836978084
"962",0.827140595769331,-0.06509855710331,2.11014257235998,3.09314127253306,1.63377371856938
"963",2.48704102952175,2.08684584124283,2.5063973600196,5.99645410910892,5.08689166505498
"964",-0.987926249404235,0.48734300717213,0.778963262548138,-1.05961660850441,-0.252064493259972
"965",0.338690465949882,0.840509182941055,0.0252952193607355,0.684052423623832,0.800456275965233
"966",-0.875755746165461,-1.28690599584455,0.311491632164016,-0.392453666102286,-2.96105932593602
"967",-0.249291366230913,-0.994215582150896,0.0146364906537315,-1.04796960992673,-0.781851608082645
"968",-3.07290922307276,-1.39644813399648,-0.698668752111671,-2.06104267645117,-2.90661913592732
"969",-1.47484067008441,-0.883692791901638,-0.698892014231418,-2.75867830799467,-3.28906715870977
"970",-0.564617006069233,-1.99018413771168,-1.01928084785654,-2.77969333062904,-0.899058058829271
"971",-1.24233855656721,-1.07542167747288,0.0318620884663755,-0.267407824675976,1.27002320244132
"972",-0.609430756065477,-1.45420896759825,0.559190289112847,-0.789372302991015,-1.08562094941592
"973",2.07183858855474,1.89078292656764,1.24628219954264,4.40496975603118,3.4849534991864
"974",-1.54972503212392,-0.902648932539002,-1.26763042645403,-1.87189822008838,-3.32384585413297
"975",-0.0757001480320616,0.0336173743268656,-0.326897570942349,0.271853079350522,-1.18643038586442
"976",-1.01971821841074,-0.410146785640738,-1.54250097635212,-1.68377425279983,-0.768070550337731
"977",-0.40508186500995,1.83723751403241,-1.16817685846675,1.01726006341103,1.43864331963163
"978",-0.282308867975367,-1.53393679266863,-0.700572780608811,-3.32677677641526,-1.57896269801345
"979",0.00820032629418318,-0.724506759476056,-0.840602931570369,-2.68981078479082,-1.33817910943447
"980",0.371603976301706,-0.649258974284515,0.982390926028258,0.655000263506077,1.20913972453806
"981",0.335450995826935,0.221808270398942,-0.383481887768911,-1.95992475157184,-1.79477777717832
"982",0.0547774035517507,-0.322412685841813,-1.31197006634012,-2.99725714846693,-0.620145583373802
"983",1.11188391321771,0.802860777556037,0.224750453808981,-0.179052834257035,3.12796879781939
"984",0.528299599265977,0.216270180111339,1.03965392972256,1.21233984200881,0.089480238617891
"985",-0.377101079645343,-0.70554689422638,0.901046059614599,-1.49850538099117,-0.47409341125563
"986",-0.296896972848146,-2.10301534838012,-1.36392245522253,-2.90481126570398,-2.27216552895993
"987",0.801963161790929,1.71681296866149,1.10934371045392,2.95273194461182,0.415967116109978
"988",-1.9479930896312,-1.6602792624282,-1.08411967304577,-2.09103631072699,-1.3832622876952
"989",-2.34201052640549,-0.676844271919975,1.57771782469331,0.608442678959984,0.949708020677075
"990",0.846222526032061,0.642187385604473,-0.365507239586145,-0.491775696564898,1.50399367532007
"991",1.58051250138482,2.37156389093884,-1.63143509269966,0.853121459524813,1.46304552640465
"992",1.2609635383473,-0.969817621987368,-1.45789029368991,-0.828028279374949,1.62528112239668
"993",0.981713672483806,1.68898185715046,-0.847057301148476,2.98011676663221,2.33945168897921
"994",0.612198133177047,0.341606166803394,-0.202227686256843,1.93611483494451,0.505577955977383
"995",0.464382140130973,-1.26658158908332,-0.688139497470334,-2.94150781882253,-0.564714500641785
"996",-0.25022703605309,-0.576385314686125,-0.769990057135493,-1.05111068325882,-0.443118264706265
"997",1.48929623640102,1.32587641973105,0.540506496811699,0.271948368437835,0.455192167745433
"998",-0.979284622654056,-1.24464430812596,1.02256477194408,-0.53623095479234,-0.953310618923853
"999",1.28256946088212,0.064590734927972,-0.28826313927198,0.246510699575643,1.13186879711245
"1000",-0.572186689963402,-0.375553496070213,-2.14751845595481,-2.28630917946247,-0.706299710040273
